Site,Latitude,Longitude,Year,Planting,Genetics
albany_mo,40.2384,-94.3433,2017,2017-06-02,3.5
albany_mo,40.2384,-94.3433,2017,2017-06-02,4.5
albany_mo,40.2384,-94.3433,2017,2017-06-03,3.5
albany_mo,40.2384,-94.3433,2017,2017-06-03,3.75
albany_mo,40.2384,-94.3433,2017,2017-06-03,3.25
albany_mo,40.2384,-94.3433,2017,2017-06-02,3.75
albany_mo,40.2384,-94.3433,2017,2017-06-03,4.5
albany_mo,40.2384,-94.3433,2017,2017-06-03,4.75
albany_mo,40.2384,-94.3433,2017,2017-06-03,4.25
albany_mo,40.2384,-94.3433,2017,2017-06-02,4.25
albany_mo,40.2384,-94.3433,2017,2017-06-02,4.75
albany_mo,40.2384,-94.3433,2019,2019-06-07,3.5
albany_mo,40.2384,-94.3433,2019,2019-06-07,4.75
albany_mo,40.2384,-94.3433,2019,2019-06-07,4.5
ames_ia,42.0215,-93.7745,1993,1993-05-25,2.5
ames_ia,42.0215,-93.7745,1993,1993-05-25,2.75
ames_ia,42.0215,-93.7745,1993,1993-05-25,2.25
ames_ia,42.0215,-93.7745,1994,1994-05-25,2.5
ames_ia,42.0215,-93.7745,1994,1994-05-25,2.75
ames_ia,42.0215,-93.7745,1994,1994-05-25,2.25
ames_ia,42.0215,-93.7745,1995,1995-05-24,2.5
ames_ia,42.0215,-93.7745,1996,1996-05-23,2.5
ames_ia,42.0215,-93.7745,1996,1996-05-23,2.75
ames_ia,42.0215,-93.7745,1996,1996-05-23,2.25
ames_ia,42.0215,-93.7745,1997,1997-05-24,2.5
ames_ia,42.0215,-93.7745,1997,1997-05-24,2.75
ames_ia,42.0215,-93.7745,1997,1997-05-24,2.25
ames_ia,42.0215,-93.7745,1998,1998-05-24,2.5
ames_ia,42.0215,-93.7745,1998,1998-05-24,3.5
ames_ia,42.0215,-93.7745,1998,1998-05-24,2.75
ames_ia,42.0215,-93.7745,1998,1998-05-24,2.25
ames_ia,42.0215,-93.7745,2000,2000-05-23,1.5
ames_ia,42.0215,-93.7745,2000,2000-05-23,2.5
ames_ia,42.0215,-93.7745,2000,2000-05-23,3.5
ames_ia,42.0215,-93.7745,2000,2000-05-23,1.75
ames_ia,42.0215,-93.7745,2000,2000-05-23,1.25
ames_ia,42.0215,-93.7745,2000,2000-05-23,2.25
ames_ia,42.0215,-93.7745,2000,2000-05-23,2.75
ames_ia,42.0215,-93.7745,2000,2000-05-23,3.25
ames_ia,42.0215,-93.7745,2000,2000-05-23,3.75
ames_ia,42.0215,-93.7745,2001,2001-05-24,1.5
ames_ia,42.0215,-93.7745,2001,2001-05-24,2.5
ames_ia,42.0215,-93.7745,2001,2001-05-24,1.75
ames_ia,42.0215,-93.7745,2001,2001-05-24,1.25
ames_ia,42.0215,-93.7745,2001,2001-05-24,2.25
ames_ia,42.0215,-93.7745,2001,2001-05-24,2.75
ames_ia,42.0215,-93.7745,2002,2002-05-24,1.5
ames_ia,42.0215,-93.7745,2002,2002-05-24,2.5
ames_ia,42.0215,-93.7745,2002,2002-05-24,3.5
ames_ia,42.0215,-93.7745,2002,2002-05-24,1.75
ames_ia,42.0215,-93.7745,2002,2002-05-24,1.25
ames_ia,42.0215,-93.7745,2002,2002-05-24,2.25
ames_ia,42.0215,-93.7745,2002,2002-05-24,2.75
ames_ia,42.0215,-93.7745,2002,2002-05-24,3.25
ames_ia,42.0215,-93.7745,2002,2002-05-24,3.75
ames_ia,42.0215,-93.7745,2003,2003-05-24,1.5
ames_ia,42.0215,-93.7745,2003,2003-05-24,2.5
ames_ia,42.0215,-93.7745,2003,2003-05-24,3.5
ames_ia,42.0215,-93.7745,2003,2003-05-24,1.75
ames_ia,42.0215,-93.7745,2003,2003-05-24,1.25
ames_ia,42.0215,-93.7745,2003,2003-05-24,2.25
ames_ia,42.0215,-93.7745,2003,2003-05-24,2.75
ames_ia,42.0215,-93.7745,2003,2003-05-24,3.25
ames_ia,42.0215,-93.7745,2003,2003-05-24,3.75
ames_ia,42.0215,-93.7745,2004,2004-05-23,1.5
ames_ia,42.0215,-93.7745,2004,2004-05-23,2.5
ames_ia,42.0215,-93.7745,2004,2004-05-23,3.5
ames_ia,42.0215,-93.7745,2004,2004-05-23,1.75
ames_ia,42.0215,-93.7745,2004,2004-05-23,1.25
ames_ia,42.0215,-93.7745,2004,2004-05-23,2.25
ames_ia,42.0215,-93.7745,2004,2004-05-23,2.75
ames_ia,42.0215,-93.7745,2004,2004-05-23,3.25
ames_ia,42.0215,-93.7745,2004,2004-05-23,3.75
ames_ia,42.0215,-93.7745,2005,2005-05-24,1.5
ames_ia,42.0215,-93.7745,2005,2005-05-24,2.5
ames_ia,42.0215,-93.7745,2005,2005-05-24,3.5
ames_ia,42.0215,-93.7745,2005,2005-05-24,1.75
ames_ia,42.0215,-93.7745,2005,2005-05-24,1.25
ames_ia,42.0215,-93.7745,2005,2005-05-24,2.25
ames_ia,42.0215,-93.7745,2005,2005-05-24,2.75
ames_ia,42.0215,-93.7745,2005,2005-05-24,3.25
ames_ia,42.0215,-93.7745,2005,2005-05-24,3.75
ames_ia,42.0215,-93.7745,2010,2010-05-24,2.5
ames_ia,42.0215,-93.7745,2012,2012-05-23,2.5
ames_ia,42.0215,-93.7745,2012,2012-05-23,2.25
ames_ia,42.0215,-93.7745,2012,2012-05-23,2.75
ames_ia,42.0215,-93.7745,2014,2014-05-24,1.75
ames_ia,42.0215,-93.7745,2014,2014-05-24,1.5
ames_ia,42.0215,-93.7745,2014,2014-05-24,1.25
ames_ia,42.0215,-93.7745,2014,2014-05-24,2.5
ames_ia,42.0215,-93.7745,2014,2014-05-24,2.25
ames_ia,42.0215,-93.7745,2014,2014-05-24,2.75
ames_ia,42.0215,-93.7745,2014,2014-05-24,3.5
ames_ia,42.0215,-93.7745,2014,2014-05-24,3.25
ames_ia,42.0215,-93.7745,2014,2014-05-24,3.75
ames_ia,42.0215,-93.7745,2017,2017-05-09,2.5
ames_ia,42.0215,-93.7745,2017,2017-05-09,2.25
ames_ia,42.0215,-93.7745,2017,2017-05-09,2.75
ames_ia,42.0215,-93.7745,2018,2018-05-25,2.5
ames_ia,42.0215,-93.7745,2018,2018-05-25,2.25
ames_ia,42.0215,-93.7745,2018,2018-05-25,2.75
ames_ia,42.0215,-93.7745,2019,2019-05-23,1.5
ames_ia,42.0215,-93.7745,2019,2019-05-23,1.25
ames_ia,42.0215,-93.7745,2019,2019-05-23,2.5
ames_ia,42.0215,-93.7745,2019,2019-05-23,2.25
ames_ia,42.0215,-93.7745,2019,2019-05-23,2.75
ames_ia,42.0215,-93.7745,2019,2019-05-23,3.5
ames_ia,42.0215,-93.7745,2019,2019-05-23,3.75
ames_ia,42.0215,-93.7745,2019,2019-05-23,3.25
ames_ia,42.0215,-93.7745,2019,2019-05-24,1.5
ames_ia,42.0215,-93.7745,2019,2019-05-24,1.25
ames_ia,42.0215,-93.7745,2022,2022-05-23,2.5
ames_ia,42.0215,-93.7745,2022,2022-05-23,3.5
ames_ia,42.0215,-93.7745,2022,2022-05-24,3.5
ames_ia,42.0215,-93.7745,2022,2022-05-24,3.25
ames_ia,42.0215,-93.7745,2022,2022-05-24,3.75
ames_ia,42.0215,-93.7745,2022,2022-05-23,2.25
ames_ia,42.0215,-93.7745,2022,2022-05-23,1.5
ames_ia,42.0215,-93.7745,2022,2022-05-23,1.25
ames_ia,42.0215,-93.7745,2024,2024-05-19,2.5
ames_ia,42.0215,-93.7745,2024,2024-05-19,3.5
ames_ia,42.0215,-93.7745,2024,2024-05-19,1.5
arlington_sd,44.3636,-97.1343,2006,2006-05-22,0.5
arlington_sd,44.3636,-97.1343,2006,2006-05-22,0.25
arlington_sd,44.3636,-97.1343,2006,2006-05-22,0.75
arlington_wi,43.3352,-89.3724,1993,1993-05-23,1.5
arlington_wi,43.3352,-89.3724,1993,1993-05-23,1.25
arlington_wi,43.3352,-89.3724,1993,1993-05-23,1.75
arlington_wi,43.3352,-89.3724,1998,1998-05-23,1.5
arlington_wi,43.3352,-89.3724,1998,1998-05-23,1.25
arlington_wi,43.3352,-89.3724,1998,1998-05-23,1.75
arthur_il,39.70646667,-88.47023333,2009,2009-05-26,3.5
arthur_il,39.70646667,-88.47023333,2009,2009-05-26,3.25
arthur_il,39.70646667,-88.47023333,2009,2009-05-26,3.75
arthur_il,39.70646667,-88.47023333,2012,2012-05-25,3.5
arthur_il,39.70646667,-88.47023333,2012,2012-05-25,3.25
arthur_il,39.70646667,-88.47023333,2013,2013-05-26,3.5
arthur_il,39.70646667,-88.47023333,2013,2013-05-26,3.25
arthur_il,39.70646667,-88.47023333,2013,2013-05-26,3.75
arthur_il,39.70646667,-88.47023333,2014,2014-05-26,3.5
arthur_il,39.70646667,-88.47023333,2014,2014-05-26,3.25
arthur_il,39.70646667,-88.47023333,2014,2014-05-26,3.75
arthur_il,39.70646667,-88.47023333,2016,2016-05-18,3.5
arthur_il,39.70646667,-88.47023333,2016,2016-05-18,3.75
arthur_il,39.70646667,-88.47023333,2016,2016-05-18,3.25
arthur_il,39.70646667,-88.47023333,2017,2017-05-17,3.5
arthur_il,39.70646667,-88.47023333,2017,2017-05-17,3.75
arthur_il,39.70646667,-88.47023333,2017,2017-05-17,3.25
arthur_il,39.70646667,-88.47023333,2018,2018-05-07,3.5
arthur_il,39.70646667,-88.47023333,2018,2018-05-07,3.75
arthur_il,39.70646667,-88.47023333,2018,2018-05-07,3.25
arthur_il,39.70646667,-88.47023333,2019,2019-06-04,3.5
arthur_il,39.70646667,-88.47023333,2020,2020-05-12,3.5
arthur_il,39.70646667,-88.47023333,2020,2020-05-12,3.25
arthur_il,39.70646667,-88.47023333,2021,2021-05-24,3.25
arthur_il,39.70646667,-88.47023333,2021,2021-05-24,3.75
arthur_il,39.70646667,-88.47023333,2021,2021-05-24,3.5
arthur_il,39.70646667,-88.47023333,2021,2021-05-26,3.5
arthur_il,39.70646667,-88.47023333,2021,2021-05-26,3.75
arthur_il,39.70646667,-88.47023333,2021,2021-05-26,3.25
ashland_ks,37.1868,-99.7697,2003,2003-05-26,3.5
ashland_ks,37.1868,-99.7697,2003,2003-05-26,4.5
ashland_ks,37.1868,-99.7697,2003,2003-05-26,4.25
ashland_ks,37.1868,-99.7697,2004,2004-05-25,4.5
ashland_ks,37.1868,-99.7697,2004,2004-05-25,3.25
ashland_ks,37.1868,-99.7697,2004,2004-05-25,3.5
ashland_ks,37.1868,-99.7697,2004,2004-05-25,3.75
ashland_ks,37.1868,-99.7697,2004,2004-05-25,4.25
ashland_ks,37.1868,-99.7697,2004,2004-05-25,4.75
ashland_ks,37.1868,-99.7697,2005,2005-05-26,4.5
ashland_ks,37.1868,-99.7697,2005,2005-05-26,3.5
ashland_ks,37.1868,-99.7697,2005,2005-05-26,3.25
ashland_ks,37.1868,-99.7697,2005,2005-05-26,3.75
ashland_ks,37.1868,-99.7697,2005,2005-05-26,4.25
ashland_ks,37.1868,-99.7697,2005,2005-05-26,4.75
ashland_ks,37.1868,-99.7697,2006,2006-05-26,3.5
ashland_ks,37.1868,-99.7697,2006,2006-05-26,3.25
ashland_ks,37.1868,-99.7697,2006,2006-05-26,3.75
ashland_ks,37.1868,-99.7697,2006,2006-05-26,4.5
ashland_ks,37.1868,-99.7697,2006,2006-05-26,4.75
ashland_ks,37.1868,-99.7697,2006,2006-05-26,4.25
ashland_ks,37.1868,-99.7697,2007,2007-05-26,3.5
ashland_ks,37.1868,-99.7697,2007,2007-05-26,3.25
ashland_ks,37.1868,-99.7697,2007,2007-05-26,3.75
ashland_ks,37.1868,-99.7697,2007,2007-05-26,4.5
ashland_ks,37.1868,-99.7697,2007,2007-05-26,4.25
ashland_ks,37.1868,-99.7697,2007,2007-05-26,4.75
ashland_ks,37.1868,-99.7697,2009,2009-05-26,3.5
ashland_ks,37.1868,-99.7697,2009,2009-05-26,4.5
ashland_ks,37.1868,-99.7697,2009,2009-05-26,3.25
ashland_ks,37.1868,-99.7697,2009,2009-05-26,3.75
ashland_ks,37.1868,-99.7697,2009,2009-05-26,4.25
ashland_ks,37.1868,-99.7697,2010,2010-05-26,3.5
ashland_ks,37.1868,-99.7697,2010,2010-05-26,4.5
ashland_ks,37.1868,-99.7697,2010,2010-05-26,3.25
ashland_ks,37.1868,-99.7697,2010,2010-05-26,3.75
ashland_ks,37.1868,-99.7697,2010,2010-05-26,4.25
ashland_ks,37.1868,-99.7697,2013,2013-05-26,3.5
ashland_ks,37.1868,-99.7697,2013,2013-05-26,3.25
ashland_ks,37.1868,-99.7697,2013,2013-05-26,3.75
ashland_ks,37.1868,-99.7697,2013,2013-05-26,4.25
ashland_ks,37.1868,-99.7697,2013,2013-05-26,4.5
ashland_wi,46.5801,-90.8715,1993,1993-05-20,-0.5
ashland_wi,46.5801,-90.8715,1993,1993-05-20,-0.25
aurora_sd,44.2821,-96.6866,2005,2005-05-22,0.5
aurora_sd,44.2821,-96.6866,2005,2005-05-22,1.5
aurora_sd,44.2821,-96.6866,2005,2005-05-22,2.5
aurora_sd,44.2821,-96.6866,2005,2005-05-22,0.75
aurora_sd,44.2821,-96.6866,2005,2005-05-22,0.25
aurora_sd,44.2821,-96.6866,2005,2005-05-22,1.75
aurora_sd,44.2821,-96.6866,2005,2005-05-22,1.25
aurora_sd,44.2821,-96.6866,2005,2005-05-22,2.25
aurora_sd,44.2821,-96.6866,2005,2005-05-22,2.75
aurora_sd,44.2821,-96.6866,2006,2006-05-22,0.5
aurora_sd,44.2821,-96.6866,2006,2006-05-22,1.5
aurora_sd,44.2821,-96.6866,2006,2006-05-22,0.75
aurora_sd,44.2821,-96.6866,2006,2006-05-22,0.25
aurora_sd,44.2821,-96.6866,2006,2006-05-22,1.75
aurora_sd,44.2821,-96.6866,2006,2006-05-22,1.25
aurora_sd,44.2821,-96.6866,2007,2007-05-22,0.5
aurora_sd,44.2821,-96.6866,2007,2007-05-22,1.5
aurora_sd,44.2821,-96.6866,2007,2007-05-22,2.5
aurora_sd,44.2821,-96.6866,2007,2007-05-22,0.75
aurora_sd,44.2821,-96.6866,2007,2007-05-22,0.25
aurora_sd,44.2821,-96.6866,2007,2007-05-22,1.75
aurora_sd,44.2821,-96.6866,2007,2007-05-22,1.25
aurora_sd,44.2821,-96.6866,2007,2007-05-22,2.25
aurora_sd,44.2821,-96.6866,2007,2007-05-22,2.75
aurora_sd,44.2821,-96.6866,2009,2009-05-22,0.5
aurora_sd,44.2821,-96.6866,2009,2009-05-22,1.5
aurora_sd,44.2821,-96.6866,2009,2009-05-22,2.5
aurora_sd,44.2821,-96.6866,2009,2009-05-22,0.75
aurora_sd,44.2821,-96.6866,2009,2009-05-22,1.75
aurora_sd,44.2821,-96.6866,2009,2009-05-22,1.25
aurora_sd,44.2821,-96.6866,2009,2009-05-22,2.25
aurora_sd,44.2821,-96.6866,2009,2009-05-22,2.75
aurora_sd,44.2821,-96.6866,2010,2010-05-22,0.5
aurora_sd,44.2821,-96.6866,2010,2010-05-22,1.5
aurora_sd,44.2821,-96.6866,2010,2010-05-22,2.5
aurora_sd,44.2821,-96.6866,2010,2010-05-22,0.25
aurora_sd,44.2821,-96.6866,2010,2010-05-22,0.75
aurora_sd,44.2821,-96.6866,2010,2010-05-22,1.75
aurora_sd,44.2821,-96.6866,2010,2010-05-22,1.25
aurora_sd,44.2821,-96.6866,2010,2010-05-22,2.25
aurora_sd,44.2821,-96.6866,2010,2010-05-22,2.75
beachburg_ont,45.733,-76.85,2002,2002-05-20,-0.5
beachburg_ont,45.733,-76.85,2002,2002-05-20,-0.75
beachburg_ont,45.733,-76.85,2004,2004-05-19,-0.5
beachburg_ont,45.733,-76.85,2004,2004-05-19,-0.75
beachburg_ont,45.733,-76.85,2004,2004-05-19,-0.25
beachburg_ont,45.733,-76.85,2005,2005-05-20,-0.75
beachburg_ont,45.733,-76.85,2005,2005-05-20,-0.5
beachburg_ont,45.733,-76.85,2005,2005-05-20,-0.25
becker_mn,45.3452,-93.8465,2022,2022-05-20,1.5
becker_mn,45.3452,-93.8465,2022,2022-05-20,1.25
beemer_ne,41.93,-96.8093,2006,2006-05-24,1.5
beemer_ne,41.93,-96.8093,2006,2006-05-24,2.5
beemer_ne,41.93,-96.8093,2006,2006-05-24,1.75
beemer_ne,41.93,-96.8093,2006,2006-05-24,1.25
beemer_ne,41.93,-96.8093,2006,2006-05-24,2.75
beemer_ne,41.93,-96.8093,2006,2006-05-24,2.25
beemer_ne,41.93,-96.8093,2007,2007-05-24,2.5
beemer_ne,41.93,-96.8093,2007,2007-05-24,2.25
beemer_ne,41.93,-96.8093,2007,2007-05-24,2.75
belleville_il,38.5013,-89.938,2024,2024-05-26,4.5
beresford_sd,43.0797,-96.7802,2003,2003-05-23,2.5
beresford_sd,43.0797,-96.7802,2006,2006-05-23,2.5
beresford_sd,43.0797,-96.7802,2006,2006-05-23,2.75
beresford_sd,43.0797,-96.7802,2006,2006-05-23,2.25
beresford_sd,43.0797,-96.7802,2007,2007-05-23,2.25
beresford_sd,43.0797,-96.7802,2007,2007-05-23,2.5
beresford_sd,43.0797,-96.7802,2007,2007-05-23,2.75
beresford_sd,43.0797,-96.7802,2009,2009-05-23,2.25
beresford_sd,43.0797,-96.7802,2009,2009-05-23,2.5
beresford_sd,43.0797,-96.7802,2009,2009-05-23,2.75
bluffton_in,40.7426,-85.173,1994,1994-05-26,2.5
bluffton_in,40.7426,-85.173,1994,1994-05-26,2.75
bluffton_in,40.7426,-85.173,1994,1994-05-26,2.25
boone_ia,42.0531,-93.8773,2020,2020-05-22,2.5
boone_ia,42.0531,-93.8773,2020,2020-05-22,2.25
boone_ia,42.0531,-93.8773,2020,2020-05-22,2.75
boone_ia,42.0531,-93.8773,2021,2021-05-13,1.5
boone_ia,42.0531,-93.8773,2021,2021-05-13,1.75
boone_ia,42.0531,-93.8773,2021,2021-05-13,2.5
boone_ia,42.0531,-93.8773,2021,2021-05-13,2.25
boone_ia,42.0531,-93.8773,2021,2021-05-13,2.75
boone_ia,42.0531,-93.8773,2021,2021-05-13,3.75
boone_ia,42.0531,-93.8773,2021,2021-05-13,3.5
boone_ia,42.0531,-93.8773,2021,2021-05-13,3.25
boone_ia,42.0531,-93.8773,2021,2021-05-13,1.25
boone_ia,42.0531,-93.8773,2023,2023-05-24,2.5
boone_ia,42.0531,-93.8773,2023,2023-05-24,2.25
boone_ia,42.0531,-93.8773,2023,2023-05-24,2.75
boone_ia,42.0531,-93.8773,2023,2023-05-24,3.5
boone_ia,42.0531,-93.8773,2023,2023-05-24,3.75
boone_ia,42.0531,-93.8773,2023,2023-05-24,3.25
boone_ia,42.0531,-93.8773,2023,2023-05-24,1.25
boone_ia,42.0531,-93.8773,2023,2023-05-24,1.5
boone_ia,42.0531,-93.8773,2023,2023-05-24,1.75
bristol_sd,45.3466,-97.7485,2010,2010-05-21,0.5
bristol_sd,45.3466,-97.7485,2010,2010-05-21,0.25
bristol_sd,45.3466,-97.7485,2010,2010-05-21,0.75
britton_mi,41.9256,-83.8225,2024,2024-05-23,2.5
brookings_sd,44.3027,-96.7856,1993,1993-05-22,0.25
brookings_sd,44.3027,-96.7856,1993,1993-05-22,0.5
brookings_sd,44.3027,-96.7856,1993,1993-05-22,0.75
brookings_sd,44.3027,-96.7856,1993,1993-05-22,1.5
brookings_sd,44.3027,-96.7856,1993,1993-05-22,1.25
brookings_sd,44.3027,-96.7856,1993,1993-05-22,1.75
brookings_sd,44.3027,-96.7856,1995,1995-05-22,1.5
brookings_sd,44.3027,-96.7856,1995,1995-05-22,0.25
brookings_sd,44.3027,-96.7856,1995,1995-05-22,0.5
brookings_sd,44.3027,-96.7856,1995,1995-05-22,0.75
brookings_sd,44.3027,-96.7856,1996,1996-05-21,1.5
brookings_sd,44.3027,-96.7856,1996,1996-05-21,1.25
brookings_sd,44.3027,-96.7856,1996,1996-05-21,1.75
brookings_sd,44.3027,-96.7856,1997,1997-05-22,1.5
brookings_sd,44.3027,-96.7856,1997,1997-05-22,0.25
brookings_sd,44.3027,-96.7856,1997,1997-05-22,0.5
brookings_sd,44.3027,-96.7856,1997,1997-05-22,0.75
brookings_sd,44.3027,-96.7856,1997,1997-05-22,1.25
brookings_sd,44.3027,-96.7856,1997,1997-05-22,1.75
brookings_sd,44.3027,-96.7856,1998,1998-05-22,0.5
brookings_sd,44.3027,-96.7856,2000,2000-05-21,0.5
brookings_sd,44.3027,-96.7856,2000,2000-05-21,0.75
brookings_sd,44.3027,-96.7856,2000,2000-05-21,0.25
brookings_sd,44.3027,-96.7856,2000,2000-05-21,1.5
brookings_sd,44.3027,-96.7856,2000,2000-05-21,1.75
brookings_sd,44.3027,-96.7856,2000,2000-05-21,1.25
brookings_sd,44.3027,-96.7856,2002,2002-05-22,0.5
brookings_sd,44.3027,-96.7856,2002,2002-05-22,0.75
brookings_sd,44.3027,-96.7856,2002,2002-05-22,0.25
brookings_sd,44.3027,-96.7856,2002,2002-05-22,1.5
brookings_sd,44.3027,-96.7856,2002,2002-05-22,1.75
brookings_sd,44.3027,-96.7856,2002,2002-05-22,1.25
brookings_sd,44.3027,-96.7856,2003,2003-05-22,0.5
brookings_sd,44.3027,-96.7856,2003,2003-05-22,1.5
brookings_sd,44.3027,-96.7856,2003,2003-05-22,0.75
brookings_sd,44.3027,-96.7856,2003,2003-05-22,0.25
brookings_sd,44.3027,-96.7856,2003,2003-05-22,1.75
brookings_sd,44.3027,-96.7856,2003,2003-05-22,1.25
brookings_sd,44.3027,-96.7856,2004,2004-05-21,2.5
brookings_sd,44.3027,-96.7856,2004,2004-05-21,2.75
brookings_sd,44.3027,-96.7856,2004,2004-05-21,2.25
brookings_sd,44.3027,-96.7856,2004,2004-05-21,1.5
brookings_sd,44.3027,-96.7856,2004,2004-05-21,1.75
brookings_sd,44.3027,-96.7856,2004,2004-05-21,1.25
brownstown_il,38.9943,-88.9553,2010,2010-05-27,4.25
brownstown_il,38.9943,-88.9553,2010,2010-05-27,4.5
brownstown_il,38.9943,-88.9553,2012,2012-05-26,4.5
brownstown_il,38.9943,-88.9553,2013,2013-05-27,4.5
brownstown_il,38.9943,-88.9553,2013,2013-05-27,4.25
brownstown_il,38.9943,-88.9553,2014,2014-05-27,4.5
brownstown_il,38.9943,-88.9553,2014,2014-05-27,4.25
brownstown_il,38.9943,-88.9553,2015,2015-05-27,4.5
brownstown_il,38.9943,-88.9553,2015,2015-05-27,4.25
burkeyfarms_ia,42.0531,-93.8773,2009,2009-05-24,2.5
burkeyfarms_ia,42.0531,-93.8773,2009,2009-05-24,2.25
burkeyfarms_ia,42.0531,-93.8773,2009,2009-05-24,2.75
butlerville_in,39.0362,-85.5264,1996,1996-05-26,4.5
butlerville_in,39.0362,-85.5264,1996,1996-05-26,3.5
butlerville_in,39.0362,-85.5264,1996,1996-05-26,3.25
butlerville_in,39.0362,-85.5264,1996,1996-05-26,3.75
butlerville_in,39.0362,-85.5264,1998,1998-05-27,4.5
butlerville_in,39.0362,-85.5264,1999,1999-05-27,4.5
butlerville_in,39.0362,-85.5264,1999,1999-05-27,4.75
butlerville_in,39.0362,-85.5264,1999,1999-05-27,4.25
butlerville_in,39.0362,-85.5264,2001,2001-05-27,4.5
butlerville_in,39.0362,-85.5264,2002,2002-05-27,4.5
butlerville_in,39.0362,-85.5264,2002,2002-05-27,4.25
butlerville_in,39.0362,-85.5264,2004,2004-05-26,3.5
butlerville_in,39.0362,-85.5264,2004,2004-05-26,4.5
butlerville_in,39.0362,-85.5264,2005,2005-05-27,3.5
butlerville_in,39.0362,-85.5264,2005,2005-05-27,4.5
butlerville_in,39.0362,-85.5264,2005,2005-05-27,3.25
butlerville_in,39.0362,-85.5264,2005,2005-05-27,3.75
butlerville_in,39.0362,-85.5264,2005,2005-05-27,4.25
butlerville_in,39.0362,-85.5264,2005,2005-05-27,4.75
butlerville_in,39.0362,-85.5264,2012,2012-05-26,4.5
butlerville_in,39.0362,-85.5264,2012,2012-05-26,3.5
butlerville_in,39.0362,-85.5264,2012,2012-05-26,3.25
butlerville_in,39.0362,-85.5264,2012,2012-05-26,3.75
butlerville_in,39.0362,-85.5264,2015,2015-05-27,4.5
butlerville_in,39.0362,-85.5264,2015,2015-05-27,3.5
butlerville_in,39.0362,-85.5264,2015,2015-05-27,3.25
butlerville_in,39.0362,-85.5264,2015,2015-05-27,3.75
butlerville_in,39.0362,-85.5264,2015,2015-05-27,4.25
butlerville_in,39.0362,-85.5264,2015,2015-05-27,4.75
butlerville_in,39.0362,-85.5264,2017,2017-06-06,4.5
butlerville_in,39.0362,-85.5264,2017,2017-06-06,3.5
butlerville_in,39.0362,-85.5264,2017,2017-06-06,3.75
butlerville_in,39.0362,-85.5264,2017,2017-06-06,3.25
butlerville_in,39.0362,-85.5264,2017,2017-06-06,4.75
butlerville_in,39.0362,-85.5264,2017,2017-06-06,4.25
butlerville_in,39.0362,-85.5264,2021,2021-05-22,4.5
butlerville_in,39.0362,-85.5264,2021,2021-05-22,4.75
butlerville_in,39.0362,-85.5264,2021,2021-05-22,4.25
butlerville_in,39.0362,-85.5264,2021,2021-05-22,3.5
butlerville_in,39.0362,-85.5264,2021,2021-05-22,3.75
butlerville_in,39.0362,-85.5264,2021,2021-05-22,3.25
butlerville_in,39.0362,-85.5264,2022,2022-05-11,4.5
butlerville_in,39.0362,-85.5264,2022,2022-05-11,3.5
butlerville_in,39.0362,-85.5264,2022,2022-05-11,3.25
butlerville_in,39.0362,-85.5264,2022,2022-05-11,3.75
butlerville_in,39.0362,-85.5264,2022,2022-05-11,4.75
butlerville_in,39.0362,-85.5264,2023,2023-05-11,4.5
butlerville_in,39.0362,-85.5264,2023,2023-05-11,4.75
butlerville_in,39.0362,-85.5264,2023,2023-05-11,4.25
butlerville_in,39.0362,-85.5264,2023,2023-05-11,3.5
butlerville_in,39.0362,-85.5264,2023,2023-05-11,3.75
butlerville_in,39.0362,-85.5264,2023,2023-05-11,3.25
butlerville_in,39.0362,-85.5264,2024,2024-05-30,4.5
butlerville_in,39.0362,-85.5264,2024,2024-05-30,3.5
carlisle_ia,41.5115,-93.4949,2001,2001-05-25,3.5
carlisle_ia,41.5115,-93.4949,2001,2001-05-25,3.25
carlisle_ia,41.5115,-93.4949,2001,2001-05-25,3.75
carlisle_ia,41.5115,-93.4949,2006,2006-05-25,3.5
carlisle_ia,41.5115,-93.4949,2006,2006-05-25,3.25
carlisle_ia,41.5115,-93.4949,2006,2006-05-25,3.75
carlisle_ia,41.5115,-93.4949,2007,2007-05-25,3.5
carlisle_ia,41.5115,-93.4949,2007,2007-05-25,3.25
carlisle_ia,41.5115,-93.4949,2007,2007-05-25,3.75
carlisle_ia,41.5115,-93.4949,2008,2008-05-24,3.5
carlisle_ia,41.5115,-93.4949,2008,2008-05-24,3.25
carlisle_ia,41.5115,-93.4949,2008,2008-05-24,3.75
carlisle_ia,41.5115,-93.4949,2009,2009-05-25,3.5
carlisle_ia,41.5115,-93.4949,2009,2009-05-25,3.25
carlisle_ia,41.5115,-93.4949,2009,2009-05-25,3.75
carlisle_ia,41.5115,-93.4949,2010,2010-05-25,3.5
carlisle_ia,41.5115,-93.4949,2010,2010-05-25,3.25
carlisle_ia,41.5115,-93.4949,2010,2010-05-25,3.75
carlisle_ia,41.5115,-93.4949,2012,2012-05-24,2.5
carlisle_ia,41.5115,-93.4949,2012,2012-05-24,2.25
carlisle_ia,41.5115,-93.4949,2012,2012-05-24,2.75
carlisle_ia,41.5115,-93.4949,2012,2012-05-24,3.5
carlisle_ia,41.5115,-93.4949,2012,2012-05-24,3.25
carman_man,49.3943,-98.0385,2023,2023-05-19,-0.5
carman_man,49.3943,-98.0385,2023,2023-05-19,-0.25
carman_man,49.3943,-98.0385,2024,2024-05-22,-0.5
casselton_nd,46.8866,-97.2386,1993,1993-05-20,-0.5
casselton_nd,46.8866,-97.2386,1993,1993-05-20,-0.25
casselton_nd,46.8866,-97.2386,1995,1995-05-20,-0.25
casselton_nd,46.8866,-97.2386,1995,1995-05-20,-0.5
casselton_nd,46.8866,-97.2386,1996,1996-05-19,0.25
casselton_nd,46.8866,-97.2386,1996,1996-05-19,0.5
casselton_nd,46.8866,-97.2386,1996,1996-05-19,0.75
casselton_nd,46.8866,-97.2386,1997,1997-05-20,0.25
casselton_nd,46.8866,-97.2386,1997,1997-05-20,0.5
casselton_nd,46.8866,-97.2386,1997,1997-05-20,0.75
casselton_nd,46.8866,-97.2386,1997,1997-05-20,-0.25
casselton_nd,46.8866,-97.2386,1997,1997-05-20,-0.5
casselton_nd,46.8866,-97.2386,1998,1998-05-20,0.5
casselton_nd,46.8866,-97.2386,1998,1998-05-20,0.25
casselton_nd,46.8866,-97.2386,1998,1998-05-20,0.75
casselton_nd,46.8866,-97.2386,1998,1998-05-20,-0.5
casselton_nd,46.8866,-97.2386,1998,1998-05-20,-0.25
casselton_nd,46.8866,-97.2386,1999,1999-05-20,-0.5
casselton_nd,46.8866,-97.2386,1999,1999-05-20,-0.75
casselton_nd,46.8866,-97.2386,2001,2001-05-20,0.5
casselton_nd,46.8866,-97.2386,2001,2001-05-20,0.75
casselton_nd,46.8866,-97.2386,2001,2001-05-20,0.25
casselton_nd,46.8866,-97.2386,2001,2001-05-20,-0.5
casselton_nd,46.8866,-97.2386,2001,2001-05-20,-0.75
casselton_nd,46.8866,-97.2386,2002,2002-05-20,0.5
casselton_nd,46.8866,-97.2386,2002,2002-05-20,0.75
casselton_nd,46.8866,-97.2386,2002,2002-05-20,0.25
casselton_nd,46.8866,-97.2386,2002,2002-05-20,-0.5
casselton_nd,46.8866,-97.2386,2002,2002-05-20,-0.75
casselton_nd,46.8866,-97.2386,2003,2003-05-20,0.5
casselton_nd,46.8866,-97.2386,2003,2003-05-20,0.75
casselton_nd,46.8866,-97.2386,2003,2003-05-20,0.25
casselton_nd,46.8866,-97.2386,2003,2003-05-20,-0.5
casselton_nd,46.8866,-97.2386,2003,2003-05-20,-0.75
casselton_nd,46.8866,-97.2386,2004,2004-05-19,0.5
casselton_nd,46.8866,-97.2386,2005,2005-05-20,0.5
casselton_nd,46.8866,-97.2386,2005,2005-05-20,0.75
casselton_nd,46.8866,-97.2386,2005,2005-05-20,0.25
casselton_nd,46.8866,-97.2386,2005,2005-05-20,-0.75
casselton_nd,46.8866,-97.2386,2005,2005-05-20,-0.5
casselton_nd,46.8866,-97.2386,2005,2005-05-20,-0.25
casselton_nd,46.8866,-97.2386,2006,2006-05-20,0.5
casselton_nd,46.8866,-97.2386,2006,2006-05-20,0.75
casselton_nd,46.8866,-97.2386,2006,2006-05-20,0.25
casselton_nd,46.8866,-97.2386,2006,2006-05-20,-0.75
casselton_nd,46.8866,-97.2386,2006,2006-05-20,-0.5
casselton_nd,46.8866,-97.2386,2006,2006-05-20,-0.25
casselton_nd,46.8866,-97.2386,2007,2007-05-20,0.5
casselton_nd,46.8866,-97.2386,2007,2007-05-20,0.75
casselton_nd,46.8866,-97.2386,2007,2007-05-20,0.25
casselton_nd,46.8866,-97.2386,2007,2007-05-20,-0.75
casselton_nd,46.8866,-97.2386,2007,2007-05-20,-0.5
casselton_nd,46.8866,-97.2386,2007,2007-05-20,-0.25
casselton_nd,46.8866,-97.2386,2009,2009-05-20,0.5
casselton_nd,46.8866,-97.2386,2009,2009-05-20,0.75
casselton_nd,46.8866,-97.2386,2009,2009-05-20,0.25
casselton_nd,46.8866,-97.2386,2009,2009-05-20,-0.5
casselton_nd,46.8866,-97.2386,2009,2009-05-20,-0.25
casselton_nd,46.8866,-97.2386,2010,2010-05-20,0.5
casselton_nd,46.8866,-97.2386,2010,2010-05-20,0.25
casselton_nd,46.8866,-97.2386,2010,2010-05-20,0.75
casselton_nd,46.8866,-97.2386,2010,2010-05-20,-0.5
casselton_nd,46.8866,-97.2386,2010,2010-05-20,-0.25
casselton_nd,46.8866,-97.2386,2012,2012-05-19,0.5
casselton_nd,46.8866,-97.2386,2012,2012-05-19,0.25
casselton_nd,46.8866,-97.2386,2012,2012-05-19,0.75
casselton_nd,46.8866,-97.2386,2012,2012-05-19,-0.5
casselton_nd,46.8866,-97.2386,2012,2012-05-19,-0.25
casselton_nd,46.8866,-97.2386,2013,2013-05-20,0.5
casselton_nd,46.8866,-97.2386,2013,2013-05-20,0.25
casselton_nd,46.8866,-97.2386,2013,2013-05-20,0.75
casselton_nd,46.8866,-97.2386,2013,2013-05-20,-0.5
casselton_nd,46.8866,-97.2386,2013,2013-05-20,-0.25
casselton_nd,46.8866,-97.2386,2014,2014-05-20,0.5
casselton_nd,46.8866,-97.2386,2014,2014-05-20,0.25
casselton_nd,46.8866,-97.2386,2014,2014-05-20,0.75
casselton_nd,46.8866,-97.2386,2014,2014-05-20,-0.5
casselton_nd,46.8866,-97.2386,2014,2014-05-20,-0.25
casselton_nd,46.8866,-97.2386,2015,2015-05-20,0.5
casselton_nd,46.8866,-97.2386,2015,2015-05-20,0.25
casselton_nd,46.8866,-97.2386,2015,2015-05-20,0.75
casselton_nd,46.8866,-97.2386,2015,2015-05-20,-0.75
casselton_nd,46.8866,-97.2386,2015,2015-05-20,-0.5
casselton_nd,46.8866,-97.2386,2015,2015-05-20,-0.25
casselton_nd,46.8866,-97.2386,2016,2016-05-05,0.5
casselton_nd,46.8866,-97.2386,2016,2016-05-06,0.5
casselton_nd,46.8866,-97.2386,2016,2016-05-06,0.25
casselton_nd,46.8866,-97.2386,2016,2016-05-06,0.75
casselton_nd,46.8866,-97.2386,2016,2016-05-05,-0.5
casselton_nd,46.8866,-97.2386,2016,2016-05-05,-0.25
casselton_nd,46.8866,-97.2386,2016,2016-05-05,0.25
casselton_nd,46.8866,-97.2386,2016,2016-05-05,0.75
casselton_nd,46.8866,-97.2386,2017,2017-05-05,0.5
casselton_nd,46.8866,-97.2386,2017,2017-05-05,0.25
casselton_nd,46.8866,-97.2386,2017,2017-05-05,0.75
casselton_nd,46.8866,-97.2386,2017,2017-05-05,-0.5
casselton_nd,46.8866,-97.2386,2017,2017-05-05,-0.25
casselton_nd,46.8866,-97.2386,2017,2017-05-05,-0.75
casselton_nd,46.8866,-97.2386,2019,2019-05-17,0.5
casselton_nd,46.8866,-97.2386,2019,2019-05-17,0.25
casselton_nd,46.8866,-97.2386,2019,2019-05-17,-0.5
casselton_nd,46.8866,-97.2386,2019,2019-05-17,-0.25
casselton_nd,46.8866,-97.2386,2019,2019-05-17,0.75
casselton_nd,46.8866,-97.2386,2021,2021-05-10,0.5
casselton_nd,46.8866,-97.2386,2021,2021-05-10,0.25
casselton_nd,46.8866,-97.2386,2021,2021-05-10,0.75
casselton_nd,46.8866,-97.2386,2021,2021-05-10,-0.5
casselton_nd,46.8866,-97.2386,2023,2023-05-26,0.5
casselton_nd,46.8866,-97.2386,2023,2023-05-26,0.25
casselton_nd,46.8866,-97.2386,2023,2023-05-26,0.75
casselton_nd,46.8866,-97.2386,2023,2023-05-26,-0.5
casselton_nd,46.8866,-97.2386,2023,2023-05-26,-0.25
casselton_nd,46.8866,-97.2386,2024,2024-06-07,0.5
casselton_nd,46.8866,-97.2386,2024,2024-06-07,-0.5
charlescity_ia,43.0644,-92.6745,2005,2005-05-23,1.5
charlescity_ia,43.0644,-92.6745,2006,2006-05-23,1.5
charlescity_ia,43.0644,-92.6745,2006,2006-05-23,1.75
charlescity_ia,43.0644,-92.6745,2006,2006-05-23,1.25
charlescity_ia,43.0644,-92.6745,2007,2007-05-23,1.5
charlescity_ia,43.0644,-92.6745,2007,2007-05-23,1.75
charlescity_ia,43.0644,-92.6745,2007,2007-05-23,1.25
charlescity_ia,43.0644,-92.6745,2009,2009-05-23,1.5
charlescity_ia,43.0644,-92.6745,2009,2009-05-23,1.75
charlescity_ia,43.0644,-92.6745,2009,2009-05-23,1.25
charlescity_ia,43.0644,-92.6745,2012,2012-05-22,1.5
charlescity_ia,43.0644,-92.6745,2012,2012-05-22,1.75
charlescity_ia,43.0644,-92.6745,2012,2012-05-22,1.25
chatham_ont,42.38,-82.2524,2008,2008-05-23,2.5
chatham_ont,42.38,-82.2524,2008,2008-05-23,1.75
chatham_ont,42.38,-82.2524,2008,2008-05-23,1.5
chatham_ont,42.38,-82.2524,2008,2008-05-23,1.25
chatham_ont,42.38,-82.2524,2008,2008-05-23,2.25
chatham_ont,42.38,-82.2524,2008,2008-05-23,2.75
chatham_ont,42.38,-82.2524,2009,2009-05-24,2.5
chatham_ont,42.38,-82.2524,2009,2009-05-24,1.5
chatham_ont,42.38,-82.2524,2009,2009-05-24,1.75
chatham_ont,42.38,-82.2524,2009,2009-05-24,1.25
chatham_ont,42.38,-82.2524,2009,2009-05-24,2.25
chatham_ont,42.38,-82.2524,2009,2009-05-24,2.75
chatham_ont,42.38,-82.2524,2010,2010-05-24,2.5
chatham_ont,42.38,-82.2524,2010,2010-05-24,1.5
chatham_ont,42.38,-82.2524,2010,2010-05-24,1.75
chatham_ont,42.38,-82.2524,2010,2010-05-24,1.25
chatham_ont,42.38,-82.2524,2010,2010-05-24,2.25
chatham_ont,42.38,-82.2524,2010,2010-05-24,2.75
chatham_ont,42.38,-82.2524,2011,2011-05-24,2.5
chatham_ont,42.38,-82.2524,2011,2011-05-24,2.25
chatham_ont,42.38,-82.2524,2011,2011-05-24,2.75
chatham_ont,42.38,-82.2524,2012,2012-05-23,2.5
chatham_ont,42.38,-82.2524,2012,2012-05-23,2.25
chatham_ont,42.38,-82.2524,2012,2012-05-23,2.75
chatham_ont,42.38,-82.2524,2013,2013-05-24,2.5
chatham_ont,42.38,-82.2524,2013,2013-05-24,2.25
chatham_ont,42.38,-82.2524,2013,2013-05-24,2.75
chatham_ont,42.38,-82.2524,2014,2014-05-24,2.5
chatham_ont,42.38,-82.2524,2014,2014-05-24,2.25
chatham_ont,42.38,-82.2524,2014,2014-05-24,2.75
chatham_ont,42.38,-82.2524,2015,2015-05-24,2.5
chatham_ont,42.38,-82.2524,2015,2015-05-24,2.25
chatham_ont,42.38,-82.2524,2015,2015-05-24,2.75
chatham_ont,42.38,-82.2524,2016,2016-05-19,2.5
chatham_ont,42.38,-82.2524,2016,2016-05-23,2.5
chatham_ont,42.38,-82.2524,2016,2016-05-23,2.25
chatham_ont,42.38,-82.2524,2016,2016-05-23,2.75
chatham_ont,42.38,-82.2524,2017,2017-05-31,2.5
chatham_ont,42.38,-82.2524,2017,2017-05-24,2.5
chatham_ont,42.38,-82.2524,2017,2017-05-24,2.25
chatham_ont,42.38,-82.2524,2017,2017-05-24,2.75
chatham_ont,42.38,-82.2524,2019,2019-06-24,2.5
chatham_ont,42.38,-82.2524,2019,2019-06-24,2.25
chatham_ont,42.38,-82.2524,2019,2019-06-24,2.75
chatham_ont,42.38,-82.2524,2020,2020-05-22,2.5
chatham_ont,42.38,-82.2524,2020,2020-05-22,2.25
chatham_ont,42.38,-82.2524,2020,2020-05-22,2.75
chatham_ont,42.38,-82.2524,2021,2021-05-20,2.5
chatham_ont,42.38,-82.2524,2021,2021-05-20,2.25
chatham_ont,42.38,-82.2524,2021,2021-05-20,2.75
chatham_ont,42.38,-82.2524,2022,2022-05-31,2.5
chatham_ont,42.38,-82.2524,2023,2023-05-18,2.5
chatham_ont,42.38,-82.2524,2023,2023-05-18,2.25
chatham_ont,42.38,-82.2524,2023,2023-05-18,2.75
chatham_ont,42.38,-82.2524,2024,2024-05-16,2.5
claycenter_ne,40.52,-98.06,2012,2012-05-25,3.5
claycenter_ne,40.52,-98.06,2012,2012-05-25,3.25
claycenter_ne,40.52,-98.06,2012,2012-05-25,3.75
claycenter_ne,40.52,-98.06,2015,2015-05-26,3.5
claycenter_ne,40.52,-98.06,2016,2016-05-20,3.5
claycenter_ne,40.52,-98.06,2016,2016-05-20,3.75
claycenter_ne,40.52,-98.06,2016,2016-05-20,3.25
columbia_mo,38.8894,-92.2081,2006,2006-05-27,3.5
columbia_mo,38.8894,-92.2081,2006,2006-05-27,3.25
columbia_mo,38.8894,-92.2081,2006,2006-05-27,3.75
columbia_mo,38.8894,-92.2081,2008,2008-05-26,3.5
columbia_mo,38.8894,-92.2081,2008,2008-05-26,3.25
columbia_mo,38.8894,-92.2081,2008,2008-05-26,3.75
columbia_mo,38.8894,-92.2081,2008,2008-05-26,4.5
columbia_mo,38.8894,-92.2081,2008,2008-05-26,4.25
columbia_mo,38.8894,-92.2081,2008,2008-05-26,4.75
columbia_mo,38.8894,-92.2081,2009,2009-05-27,3.5
columbia_mo,38.8894,-92.2081,2009,2009-05-27,4.5
columbia_mo,38.8894,-92.2081,2009,2009-05-27,3.25
columbia_mo,38.8894,-92.2081,2009,2009-05-27,3.75
columbia_mo,38.8894,-92.2081,2009,2009-05-27,4.25
columbia_mo,38.8894,-92.2081,2012,2012-05-26,3.5
columbia_mo,38.8894,-92.2081,2012,2012-05-26,3.25
columbia_mo,38.8894,-92.2081,2012,2012-05-26,3.75
columbia_mo,38.8894,-92.2081,2012,2012-05-26,4.5
columbia_mo,38.8894,-92.2081,2013,2013-05-27,3.5
columbia_mo,38.8894,-92.2081,2013,2013-05-27,4.5
columbia_mo,38.8894,-92.2081,2013,2013-05-27,3.25
columbia_mo,38.8894,-92.2081,2013,2013-05-27,3.75
columbia_mo,38.8894,-92.2081,2013,2013-05-27,4.25
columbia_mo,38.8894,-92.2081,2019,2019-06-04,3.5
columbia_mo,38.8894,-92.2081,2019,2019-06-04,4.75
columbia_mo,38.8894,-92.2081,2019,2019-06-04,4.5
columbia_mo,38.8894,-92.2081,2020,2020-05-26,3.5
columbia_mo,38.8894,-92.2081,2020,2020-05-26,3.25
columbia_mo,38.8894,-92.2081,2020,2020-06-02,3.5
columbia_mo,38.8894,-92.2081,2020,2020-06-02,3.25
columbia_mo,38.8894,-92.2081,2020,2020-06-03,3.5
columbia_mo,38.8894,-92.2081,2020,2020-06-02,4.5
columbia_mo,38.8894,-92.2081,2020,2020-06-02,4.75
columbia_mo,38.8894,-92.2081,2020,2020-06-03,3.25
columbia_mo,38.8894,-92.2081,2022,2022-06-15,3.5
columbia_mo,38.8894,-92.2081,2022,2022-06-07,3.5
columbia_mo,38.8894,-92.2081,2022,2022-06-07,3.25
columbia_mo,38.8894,-92.2081,2022,2022-06-07,3.75
columbia_mo,38.8894,-92.2081,2022,2022-05-17,4.5
columbia_mo,38.8894,-92.2081,2022,2022-06-15,3.25
columbia_mo,38.8894,-92.2081,2022,2022-06-15,3.75
columbia_mo,38.8894,-92.2081,2022,2022-06-14,4.5
columbia_mo,38.8894,-92.2081,2022,2022-06-14,4.75
columbia_mo,38.8894,-92.2081,2023,2023-06-07,3.25
columbia_mo,38.8894,-92.2081,2023,2023-06-07,3.75
columbia_mo,38.8894,-92.2081,2023,2023-06-07,3.5
columbia_mo,38.8894,-92.2081,2023,2023-06-07,4.5
columbia_mo,38.8894,-92.2081,2023,2023-06-07,4.75
columbia_mo,38.8894,-92.2081,2023,2023-06-07,4.25
cook_ne,40.509,-96.1505,2021,2021-05-25,3.75
cook_ne,40.509,-96.1505,2021,2021-05-25,3.5
cook_ne,40.509,-96.1505,2021,2021-05-25,3.25
cook_ne,40.509,-96.1505,2022,2022-06-02,3.5
cook_ne,40.509,-96.1505,2023,2023-05-19,3.5
cook_ne,40.509,-96.1505,2023,2023-05-19,3.75
cook_ne,40.509,-96.1505,2023,2023-05-19,3.25
cook_ne,40.509,-96.1505,2023,2023-06-19,3.5
cook_ne,40.509,-96.1505,2023,2023-06-19,3.75
cook_ne,40.509,-96.1505,2023,2023-06-19,3.25
cook_ne,40.509,-96.1505,2024,2024-05-23,3.5
cotesfield_ne,41.3276,-98.6081,2002,2002-05-25,2.5
cotesfield_ne,41.3276,-98.6081,2002,2002-05-25,2.25
cotesfield_ne,41.3276,-98.6081,2002,2002-05-25,2.75
cotesfield_ne,41.3276,-98.6081,2007,2007-05-25,1.5
cotesfield_ne,41.3276,-98.6081,2007,2007-05-25,2.5
cotesfield_ne,41.3276,-98.6081,2007,2007-05-25,1.75
cotesfield_ne,41.3276,-98.6081,2007,2007-05-25,1.25
cotesfield_ne,41.3276,-98.6081,2007,2007-05-25,2.25
cotesfield_ne,41.3276,-98.6081,2007,2007-05-25,2.75
cotesfield_ne,41.3276,-98.6081,2012,2012-05-24,2.5
cotesfield_ne,41.3276,-98.6081,2012,2012-05-24,2.25
cotesfield_ne,41.3276,-98.6081,2012,2012-05-24,2.75
cotesfield_ne,41.3276,-98.6081,2013,2013-05-25,2.25
cotesfield_ne,41.3276,-98.6081,2013,2013-05-25,2.5
cotesfield_ne,41.3276,-98.6081,2013,2013-05-25,2.75
cotesfield_ne,41.3276,-98.6081,2015,2015-05-25,1.5
cotesfield_ne,41.3276,-98.6081,2015,2015-05-25,2.5
cotesfield_ne,41.3276,-98.6081,2016,2016-05-24,2.25
cotesfield_ne,41.3276,-98.6081,2016,2016-05-24,2.5
cotesfield_ne,41.3276,-98.6081,2016,2016-05-24,2.75
cotesfield_ne,41.3276,-98.6081,2016,2016-05-24,1.25
cotesfield_ne,41.3276,-98.6081,2016,2016-05-24,1.5
cotesfield_ne,41.3276,-98.6081,2016,2016-05-24,1.75
cotesfield_ne,41.3276,-98.6081,2017,2017-05-25,1.5
cotesfield_ne,41.3276,-98.6081,2017,2017-05-25,2.5
cotesfield_ne,41.3276,-98.6081,2017,2017-05-25,1.75
cotesfield_ne,41.3276,-98.6081,2017,2017-05-25,1.25
cotesfield_ne,41.3276,-98.6081,2017,2017-05-25,2.25
cotesfield_ne,41.3276,-98.6081,2017,2017-05-25,2.75
cotesfield_ne,41.3276,-98.6081,2018,2018-05-25,1.5
cotesfield_ne,41.3276,-98.6081,2018,2018-05-25,2.5
cotesfield_ne,41.3276,-98.6081,2018,2018-05-25,1.75
cotesfield_ne,41.3276,-98.6081,2018,2018-05-25,1.25
cotesfield_ne,41.3276,-98.6081,2018,2018-05-25,2.25
cotesfield_ne,41.3276,-98.6081,2018,2018-05-25,2.75
cotesfield_ne,41.3276,-98.6081,2024,2024-05-28,2.5
cotesfield_ne,41.3276,-98.6081,2024,2024-05-28,1.5
crawfordsville_ia,41.2146,-91.5373,2000,2000-05-24,3.5
crawfordsville_ia,41.2146,-91.5373,2010,2010-05-25,3.5
crawfordsville_ia,41.2146,-91.5373,2010,2010-05-25,3.25
crawfordsville_ia,41.2146,-91.5373,2010,2010-05-25,3.75
crawfordsville_ia,41.2146,-91.5373,2012,2012-05-24,3.5
crawfordsville_ia,41.2146,-91.5373,2012,2012-05-24,3.25
crawfordsville_ia,41.2146,-91.5373,2017,2017-05-16,3.5
crawfordsville_ia,41.2146,-91.5373,2017,2017-05-16,3.75
crawfordsville_ia,41.2146,-91.5373,2017,2017-05-16,3.25
crawfordsville_ia,41.2146,-91.5373,2018,2018-05-07,3.5
crawfordsville_ia,41.2146,-91.5373,2018,2018-05-07,3.75
crawfordsville_ia,41.2146,-91.5373,2018,2018-05-07,3.25
crawfordsville_ia,41.2146,-91.5373,2022,2022-05-11,2.5
crawfordsville_ia,41.2146,-91.5373,2022,2022-05-11,3.5
crookston_mn,47.805,-96.61426667,1993,1993-05-20,-0.5
crookston_mn,47.805,-96.61426667,1993,1993-05-20,-0.25
crookston_mn,47.805,-96.61426667,1995,1995-05-20,-0.25
crookston_mn,47.805,-96.61426667,1995,1995-05-20,-0.5
crookston_mn,47.805,-96.61426667,1996,1996-05-19,-0.25
crookston_mn,47.805,-96.61426667,1996,1996-05-19,-0.5
crookston_mn,47.805,-96.61426667,1997,1997-05-20,-0.25
crookston_mn,47.805,-96.61426667,1997,1997-05-20,-0.5
crookston_mn,47.805,-96.61426667,1998,1998-05-20,-0.5
crookston_mn,47.805,-96.61426667,1998,1998-05-20,-0.25
crookston_mn,47.805,-96.61426667,2001,2001-05-20,-0.5
crookston_mn,47.805,-96.61426667,2001,2001-05-20,-0.75
crookston_mn,47.805,-96.61426667,2003,2003-05-20,-0.5
crookston_mn,47.805,-96.61426667,2003,2003-05-20,-0.75
crookston_mn,47.805,-96.61426667,2004,2004-05-19,-0.5
crookston_mn,47.805,-96.61426667,2004,2004-05-19,-0.75
crookston_mn,47.805,-96.61426667,2004,2004-05-19,-0.25
crookston_mn,47.805,-96.61426667,2005,2005-05-20,-0.75
crookston_mn,47.805,-96.61426667,2005,2005-05-20,-0.5
crookston_mn,47.805,-96.61426667,2005,2005-05-20,-0.25
crookston_mn,47.805,-96.61426667,2006,2006-05-20,-0.25
crookston_mn,47.805,-96.61426667,2006,2006-05-20,-0.5
crookston_mn,47.805,-96.61426667,2007,2007-05-20,-0.75
crookston_mn,47.805,-96.61426667,2007,2007-05-20,-0.5
crookston_mn,47.805,-96.61426667,2007,2007-05-20,-0.25
crookston_mn,47.805,-96.61426667,2008,2008-05-19,-0.5
crookston_mn,47.805,-96.61426667,2008,2008-05-19,-0.25
crookston_mn,47.805,-96.61426667,2009,2009-05-20,-0.5
crookston_mn,47.805,-96.61426667,2009,2009-05-20,-0.25
crookston_mn,47.805,-96.61426667,2010,2010-05-20,-0.5
crookston_mn,47.805,-96.61426667,2010,2010-05-20,-0.25
crookston_mn,47.805,-96.61426667,2011,2011-05-20,-0.5
crookston_mn,47.805,-96.61426667,2011,2011-05-20,-0.25
crookston_mn,47.805,-96.61426667,2012,2012-05-19,-0.5
crookston_mn,47.805,-96.61426667,2012,2012-05-19,-0.25
crookston_mn,47.805,-96.61426667,2013,2013-05-20,-0.5
crookston_mn,47.805,-96.61426667,2013,2013-05-20,-0.25
crookston_mn,47.805,-96.61426667,2014,2014-05-20,-0.5
crookston_mn,47.805,-96.61426667,2014,2014-05-20,-0.25
crookston_mn,47.805,-96.61426667,2015,2015-05-20,-0.5
crookston_mn,47.805,-96.61426667,2015,2015-05-20,-0.25
crookston_mn,47.805,-96.61426667,2015,2015-05-20,-0.75
crookston_mn,47.805,-96.61426667,2016,2016-05-11,-0.5
crookston_mn,47.805,-96.61426667,2016,2016-05-11,-0.25
crookston_mn,47.805,-96.61426667,2016,2016-05-11,-0.75
crookston_mn,47.805,-96.61426667,2017,2017-05-12,0.5
crookston_mn,47.805,-96.61426667,2017,2017-05-12,0.25
crookston_mn,47.805,-96.61426667,2017,2017-05-12,0.75
crookston_mn,47.805,-96.61426667,2017,2017-05-12,-0.5
crookston_mn,47.805,-96.61426667,2017,2017-05-12,-0.25
crookston_mn,47.805,-96.61426667,2018,2018-05-23,0.5
crookston_mn,47.805,-96.61426667,2018,2018-05-23,-0.5
crookston_mn,47.805,-96.61426667,2018,2018-05-23,-0.25
crookston_mn,47.805,-96.61426667,2018,2018-05-23,0.25
crookston_mn,47.805,-96.61426667,2018,2018-05-23,0.75
crookston_mn,47.805,-96.61426667,2020,2020-05-21,0.5
crookston_mn,47.805,-96.61426667,2020,2020-05-21,0.25
crookston_mn,47.805,-96.61426667,2020,2020-05-21,0.75
crookston_mn,47.805,-96.61426667,2021,2021-05-18,0.5
crookston_mn,47.805,-96.61426667,2021,2021-05-18,0.25
crookston_mn,47.805,-96.61426667,2021,2021-05-18,0.75
crookston_mn,47.805,-96.61426667,2021,2021-05-18,-0.5
crookston_mn,47.805,-96.61426667,2022,2022-05-27,0.5
crookston_mn,47.805,-96.61426667,2022,2022-05-27,0.25
crookston_mn,47.805,-96.61426667,2022,2022-05-27,0.75
crookston_mn,47.805,-96.61426667,2022,2022-05-27,-0.5
crookston_mn,47.805,-96.61426667,2022,2022-05-27,-0.25
crookston_mn,47.805,-96.61426667,2023,2023-05-19,0.5
crookston_mn,47.805,-96.61426667,2023,2023-05-19,0.25
crookston_mn,47.805,-96.61426667,2023,2023-05-19,0.75
crookston_mn,47.805,-96.61426667,2023,2023-05-19,-0.5
crookston_mn,47.805,-96.61426667,2023,2023-05-19,-0.25
crookston_mn,47.805,-96.61426667,2024,2024-05-29,0.5
crookston_mn,47.805,-96.61426667,2024,2024-05-29,-0.5
curlew_ia,42.9795,-94.7377,2008,2008-05-22,1.5
curlew_ia,42.9795,-94.7377,2008,2008-05-22,1.75
curlew_ia,42.9795,-94.7377,2008,2008-05-22,1.25
danvers_mn,45.2803,-95.7591,2017,2017-05-21,1.5
danvers_mn,45.2803,-95.7591,2017,2017-06-02,1.75
danvers_mn,45.2803,-95.7591,2017,2017-06-02,1.5
danvers_mn,45.2803,-95.7591,2017,2017-06-02,1.25
danvers_mn,45.2803,-95.7591,2018,2018-05-21,1.5
danvers_mn,45.2803,-95.7591,2018,2018-05-21,1.75
danvers_mn,45.2803,-95.7591,2018,2018-05-21,1.25
danvers_mn,45.2803,-95.7591,2019,2019-05-26,1.5
danvers_mn,45.2803,-95.7591,2019,2019-05-26,1.25
danvers_mn,45.2803,-95.7591,2022,2022-06-03,1.5
danvers_mn,45.2803,-95.7591,2022,2022-06-03,1.25
davidcity_ne,41.2601,-97.1295,1995,1995-05-25,2.5
davidcity_ne,41.2601,-97.1295,1995,1995-05-25,3.5
davidcity_ne,41.2601,-97.1295,1995,1995-05-25,2.75
davidcity_ne,41.2601,-97.1295,1995,1995-05-25,2.25
davidcity_ne,41.2601,-97.1295,1995,1995-05-25,3.75
davidcity_ne,41.2601,-97.1295,1995,1995-05-25,3.25
dekalb_il,41.9299,-88.7478,2002,2002-05-24,2.5
dekalb_il,41.9299,-88.7478,2002,2002-05-24,2.25
dekalb_il,41.9299,-88.7478,2002,2002-05-24,2.75
dekalb_il,41.9299,-88.7478,2004,2004-05-23,2.5
dekalb_il,41.9299,-88.7478,2004,2004-05-23,2.25
dekalb_il,41.9299,-88.7478,2004,2004-05-23,2.75
dekalb_il,41.9299,-88.7478,2005,2005-05-24,2.25
dekalb_il,41.9299,-88.7478,2005,2005-05-24,2.75
dekalb_il,41.9299,-88.7478,2005,2005-05-24,2.5
dekalb_il,41.9299,-88.7478,2007,2007-05-24,2.5
dekalb_il,41.9299,-88.7478,2007,2007-05-24,2.25
dekalb_il,41.9299,-88.7478,2007,2007-05-24,2.75
dekalb_il,41.9299,-88.7478,2008,2008-05-23,2.5
dekalb_il,41.9299,-88.7478,2008,2008-05-23,2.25
dekalb_il,41.9299,-88.7478,2008,2008-05-23,2.75
dekalb_il,41.9299,-88.7478,2009,2009-05-24,2.5
dekalb_il,41.9299,-88.7478,2009,2009-05-24,2.25
dekalb_il,41.9299,-88.7478,2009,2009-05-24,2.75
dekalb_il,41.9299,-88.7478,2010,2010-05-24,2.5
dekalb_il,41.9299,-88.7478,2010,2010-05-24,2.25
dekalb_il,41.9299,-88.7478,2010,2010-05-24,2.75
dekalb_il,41.9299,-88.7478,2012,2012-05-23,2.5
dekalb_il,41.9299,-88.7478,2012,2012-05-23,2.25
dekalb_il,41.9299,-88.7478,2012,2012-05-23,2.75
dekalb_il,41.9299,-88.7478,2014,2014-05-24,2.5
dekalb_il,41.9299,-88.7478,2014,2014-05-24,2.25
dekalb_il,41.9299,-88.7478,2014,2014-05-24,2.75
dekalb_il,41.9299,-88.7478,2015,2015-05-24,2.5
dekalb_il,41.9299,-88.7478,2015,2015-05-24,2.25
dekalb_il,41.9299,-88.7478,2015,2015-05-24,2.75
dewitt_ne,40.3953,-96.9222,2006,2006-05-26,3.5
dewitt_ne,40.3953,-96.9222,2006,2006-05-26,3.25
dewitt_ne,40.3953,-96.9222,2006,2006-05-26,3.75
dewitt_ne,40.3953,-96.9222,2007,2007-05-26,3.5
dewitt_ne,40.3953,-96.9222,2007,2007-05-26,3.25
dewitt_ne,40.3953,-96.9222,2007,2007-05-26,3.75
dundalk_ont,44.17,-80.38,2004,2004-05-21,-0.5
dundalk_ont,44.17,-80.38,2004,2004-05-21,-0.75
dundalk_ont,44.17,-80.38,2004,2004-05-21,-0.25
dundalk_ont,44.17,-80.38,2005,2005-05-22,-0.75
dundalk_ont,44.17,-80.38,2005,2005-05-22,-0.5
dundalk_ont,44.17,-80.38,2005,2005-05-22,-0.25
dundalk_ont,44.17,-80.38,2007,2007-05-22,-0.75
dundalk_ont,44.17,-80.38,2007,2007-05-22,-0.5
dundalk_ont,44.17,-80.38,2007,2007-05-22,-0.25
dundalk_ont,44.17,-80.38,2008,2008-05-21,-0.5
dundalk_ont,44.17,-80.38,2008,2008-05-21,-0.25
dundalk_ont,44.17,-80.38,2009,2009-05-22,-0.5
dundalk_ont,44.17,-80.38,2009,2009-05-22,-0.25
dundalk_ont,44.17,-80.38,2010,2010-05-22,-0.5
dundalk_ont,44.17,-80.38,2010,2010-05-22,-0.25
dundalk_ont,44.17,-80.38,2011,2011-05-22,-0.5
dundalk_ont,44.17,-80.38,2011,2011-05-22,-0.25
dwight_il,41.0985,-88.4238,2005,2005-05-25,2.25
dwight_il,41.0985,-88.4238,2005,2005-05-25,2.75
dwight_il,41.0985,-88.4238,2005,2005-05-25,2.5
eastlansing_mi,42.6296,-84.4375,1995,1995-05-24,1.5
eastlansing_mi,42.6296,-84.4375,1995,1995-05-24,1.25
eastlansing_mi,42.6296,-84.4375,1995,1995-05-24,1.75
eastlansing_mi,42.6296,-84.4375,1997,1997-05-24,1.5
eastlansing_mi,42.6296,-84.4375,1997,1997-05-24,2.5
eastlansing_mi,42.6296,-84.4375,1997,1997-05-24,1.25
eastlansing_mi,42.6296,-84.4375,1997,1997-05-24,1.75
eastlansing_mi,42.6296,-84.4375,2017,2017-06-02,2.5
eastlansing_mi,42.6296,-84.4375,2017,2017-06-02,2.25
eastlansing_mi,42.6296,-84.4375,2017,2017-06-02,2.75
eastlansing_mi,42.6296,-84.4375,2018,2018-06-07,1.5
eastlansing_mi,42.6296,-84.4375,2018,2018-06-07,2.5
eastlansing_mi,42.6296,-84.4375,2018,2018-06-07,1.75
eastlansing_mi,42.6296,-84.4375,2018,2018-06-07,1.25
eastlansing_mi,42.6296,-84.4375,2018,2018-06-07,2.25
eastlansing_mi,42.6296,-84.4375,2018,2018-06-07,2.75
eastlansing_mi,42.6296,-84.4375,2019,2019-05-29,1.5
eastlansing_mi,42.6296,-84.4375,2019,2019-05-29,1.25
eastlansing_mi,42.6296,-84.4375,2019,2019-05-29,2.5
eastlansing_mi,42.6296,-84.4375,2019,2019-05-29,2.25
eastlansing_mi,42.6296,-84.4375,2019,2019-05-29,2.75
eastlansing_mi,42.6296,-84.4375,2019,2019-05-23,1.5
eastlansing_mi,42.6296,-84.4375,2019,2019-05-23,1.25
eastlansing_mi,42.6296,-84.4375,2019,2019-05-29,1.75
eastlansing_mi,42.6296,-84.4375,2021,2021-05-25,1.5
eastlansing_mi,42.6296,-84.4375,2021,2021-05-25,1.75
eastlansing_mi,42.6296,-84.4375,2021,2021-05-25,2.5
eastlansing_mi,42.6296,-84.4375,2021,2021-05-25,2.25
eastlansing_mi,42.6296,-84.4375,2021,2021-05-25,2.75
eastlansing_mi,42.6296,-84.4375,2021,2021-05-25,1.25
eastlansing_mi,42.6296,-84.4375,2022,2022-05-23,2.5
eastlansing_mi,42.6296,-84.4375,2022,2022-05-14,2.5
eastlansing_mi,42.6296,-84.4375,2022,2022-05-14,2.25
eastlansing_mi,42.6296,-84.4375,2022,2022-05-14,1.5
eastlansing_mi,42.6296,-84.4375,2022,2022-05-14,1.25
eastlansing_mi,42.6296,-84.4375,2023,2023-05-12,2.5
eastlansing_mi,42.6296,-84.4375,2023,2023-05-12,2.25
eastlansing_mi,42.6296,-84.4375,2023,2023-05-12,2.75
eastlansing_mi,42.6296,-84.4375,2023,2023-05-23,2.5
eastlansing_mi,42.6296,-84.4375,2023,2023-05-23,2.25
eastlansing_mi,42.6296,-84.4375,2023,2023-05-23,2.75
eastlansing_mi,42.6296,-84.4375,2023,2023-05-12,1.5
eastlansing_mi,42.6296,-84.4375,2023,2023-05-12,1.75
eastlansing_mi,42.6296,-84.4375,2023,2023-05-12,1.25
eastlansing_mi,42.6296,-84.4375,2024,2024-05-22,2.5
eastlansing_mi,42.6296,-84.4375,2024,2024-05-24,1.5
eastlansing_mi,42.6296,-84.4375,2024,2024-05-24,2.5
eldora_ia,42.343,-93.109,2010,2010-05-24,1.5
eldora_ia,42.343,-93.109,2010,2010-05-24,1.75
eldora_ia,42.343,-93.109,2010,2010-05-24,1.25
elmcreek_man,49.6769,-97.9904,2022,2022-05-24,-0.25
elmcreek_man,49.6769,-97.9904,2022,2022-05-24,-0.5
elora_ont,43.6445,-80.4007,1993,1993-05-23,-0.5
elora_ont,43.6445,-80.4007,1993,1993-05-23,-0.25
elora_ont,43.6445,-80.4007,1994,1994-05-23,-0.5
elora_ont,43.6445,-80.4007,1994,1994-05-23,-0.25
elora_ont,43.6445,-80.4007,1995,1995-05-23,-0.25
elora_ont,43.6445,-80.4007,1995,1995-05-23,-0.5
elora_ont,43.6445,-80.4007,1996,1996-05-22,-0.25
elora_ont,43.6445,-80.4007,1996,1996-05-22,-0.5
elora_ont,43.6445,-80.4007,2001,2001-05-22,-0.5
elora_ont,43.6445,-80.4007,2001,2001-05-22,-0.75
elora_ont,43.6445,-80.4007,2002,2002-05-22,-0.5
elora_ont,43.6445,-80.4007,2002,2002-05-22,-0.75
elora_ont,43.6445,-80.4007,2003,2003-05-22,-0.5
elora_ont,43.6445,-80.4007,2003,2003-05-22,-0.75
elora_ont,43.6445,-80.4007,2005,2005-05-22,-0.75
elora_ont,43.6445,-80.4007,2005,2005-05-22,-0.5
elora_ont,43.6445,-80.4007,2005,2005-05-22,-0.25
elora_ont,43.6445,-80.4007,2006,2006-05-22,-0.75
elora_ont,43.6445,-80.4007,2006,2006-05-22,-0.5
elora_ont,43.6445,-80.4007,2006,2006-05-22,-0.25
elora_ont,43.6445,-80.4007,2007,2007-05-22,-0.75
elora_ont,43.6445,-80.4007,2007,2007-05-22,-0.5
elora_ont,43.6445,-80.4007,2007,2007-05-22,-0.25
elora_ont,43.6445,-80.4007,2008,2008-05-21,-0.5
elora_ont,43.6445,-80.4007,2008,2008-05-21,-0.25
elora_ont,43.6445,-80.4007,2009,2009-05-22,-0.5
elora_ont,43.6445,-80.4007,2009,2009-05-22,-0.25
elora_ont,43.6445,-80.4007,2010,2010-05-22,-0.5
elora_ont,43.6445,-80.4007,2010,2010-05-22,-0.25
elora_ont,43.6445,-80.4007,2011,2011-05-22,-0.5
elora_ont,43.6445,-80.4007,2011,2011-05-22,-0.25
elora_ont,43.6445,-80.4007,2012,2012-05-21,-0.5
elora_ont,43.6445,-80.4007,2012,2012-05-21,-0.25
elora_ont,43.6445,-80.4007,2013,2013-05-22,-0.5
elora_ont,43.6445,-80.4007,2013,2013-05-22,-0.25
elora_ont,43.6445,-80.4007,2014,2014-05-22,-0.5
elora_ont,43.6445,-80.4007,2014,2014-05-22,-0.25
elora_ont,43.6445,-80.4007,2015,2015-05-22,-0.5
elora_ont,43.6445,-80.4007,2015,2015-05-22,-0.25
elora_ont,43.6445,-80.4007,2016,2016-05-21,0.5
elora_ont,43.6445,-80.4007,2016,2016-05-21,-0.5
elora_ont,43.6445,-80.4007,2016,2016-05-21,-0.25
elora_ont,43.6445,-80.4007,2017,2017-05-22,0.5
elora_ont,43.6445,-80.4007,2017,2017-05-22,0.25
elora_ont,43.6445,-80.4007,2017,2017-05-22,0.75
elora_ont,43.6445,-80.4007,2017,2017-05-22,-0.5
elora_ont,43.6445,-80.4007,2017,2017-05-22,-0.25
elora_ont,43.6445,-80.4007,2018,2018-05-22,0.5
elora_ont,43.6445,-80.4007,2018,2018-05-22,0.25
elora_ont,43.6445,-80.4007,2018,2018-05-22,0.75
elora_ont,43.6445,-80.4007,2019,2019-05-22,0.5
elora_ont,43.6445,-80.4007,2019,2019-05-22,0.25
elora_ont,43.6445,-80.4007,2019,2019-05-22,-0.5
elora_ont,43.6445,-80.4007,2019,2019-05-22,-0.25
elora_ont,43.6445,-80.4007,2020,2020-05-21,0.5
elora_ont,43.6445,-80.4007,2020,2020-05-21,0.25
elora_ont,43.6445,-80.4007,2020,2020-05-21,0.75
elora_ont,43.6445,-80.4007,2020,2020-05-21,-0.5
elora_ont,43.6445,-80.4007,2021,2021-05-24,0.5
elora_ont,43.6445,-80.4007,2021,2021-05-24,0.25
elora_ont,43.6445,-80.4007,2021,2021-05-24,0.75
elora_ont,43.6445,-80.4007,2021,2021-05-24,-0.5
elora_ont,43.6445,-80.4007,2022,2022-05-25,0.5
elora_ont,43.6445,-80.4007,2022,2022-05-25,0.25
elora_ont,43.6445,-80.4007,2022,2022-05-25,0.75
elora_ont,43.6445,-80.4007,2022,2022-05-25,-0.5
elora_ont,43.6445,-80.4007,2023,2023-05-17,0.5
elora_ont,43.6445,-80.4007,2023,2023-05-17,0.25
elora_ont,43.6445,-80.4007,2023,2023-05-17,0.75
elora_ont,43.6445,-80.4007,2023,2023-05-17,-0.5
elora_ont,43.6445,-80.4007,2024,2024-05-23,0.5
elora_ont,43.6445,-80.4007,2024,2024-05-23,-0.5
fairfield_ia,41.0071,-91.9673,1993,1993-05-26,3.5
fairfield_ia,41.0071,-91.9673,1993,1993-05-26,3.75
fairfield_ia,41.0071,-91.9673,1993,1993-05-26,3.25
fairfield_ia,41.0071,-91.9673,1995,1995-05-26,3.5
fairfield_ia,41.0071,-91.9673,1995,1995-05-26,3.75
fairfield_ia,41.0071,-91.9673,1995,1995-05-26,3.25
fairfield_ia,41.0071,-91.9673,1996,1996-05-25,3.5
fairfield_ia,41.0071,-91.9673,1997,1997-05-25,3.5
fairfield_ia,41.0071,-91.9673,1997,1997-05-25,3.25
fairfield_ia,41.0071,-91.9673,1997,1997-05-25,3.75
fallscity_ne,40.0623,-95.599,1998,1998-05-26,3.5
fargo_nd,46.958724,-96.941816,1994,1994-05-20,0.25
fargo_nd,46.958724,-96.941816,1994,1994-05-20,0.5
fargo_nd,46.958724,-96.941816,1994,1994-05-20,0.75
fargo_nd,46.958724,-96.941816,1994,1994-05-20,-0.5
fargo_nd,46.958724,-96.941816,1994,1994-05-20,-0.25
finchfarms_ia,42.0621,-93.6984,2010,2010-05-24,2.5
finchfarms_ia,42.0621,-93.6984,2010,2010-05-24,2.25
finchfarms_ia,42.0621,-93.6984,2010,2010-05-24,2.75
flora_il,38.702763,-88.518259,2019,2019-06-10,4.75
flora_il,38.702763,-88.518259,2019,2019-06-10,4.5
flora_il,38.702763,-88.518259,2020,2020-06-02,4.5
flora_il,38.702763,-88.518259,2020,2020-06-02,4.75
flora_il,38.702763,-88.518259,2020,2020-06-02,4.25
flora_il,38.702763,-88.518259,2021,2021-05-20,4.5
flora_il,38.702763,-88.518259,2021,2021-05-20,4.75
flora_il,38.702763,-88.518259,2021,2021-05-20,4.25
galesburg_nd,47.3129,-97.4444,2024,2024-05-22,0.5
galesburg_nd,47.3129,-97.4444,2024,2024-05-22,-0.5
goehner_ne,40.8327,-97.2196,2006,2006-05-25,3.5
goehner_ne,40.8327,-97.2196,2006,2006-05-25,3.25
goehner_ne,40.8327,-97.2196,2006,2006-05-25,3.75
goehner_ne,40.8327,-97.2196,2013,2013-05-25,3.5
goehner_ne,40.8327,-97.2196,2013,2013-05-25,3.25
goehner_ne,40.8327,-97.2196,2013,2013-05-25,3.75
grandin_nd,47.2688,-97.0927,2022,2022-05-19,0.5
grandin_nd,47.2688,-97.0927,2022,2022-05-19,0.25
grandin_nd,47.2688,-97.0927,2022,2022-05-19,0.75
grandin_nd,47.2688,-97.0927,2022,2022-05-19,-0.5
grandin_nd,47.2688,-97.0927,2022,2022-05-19,-0.25
grandin_nd,47.2688,-97.0927,2023,2023-05-22,0.5
grandin_nd,47.2688,-97.0927,2023,2023-05-22,0.25
grandin_nd,47.2688,-97.0927,2023,2023-05-22,0.75
grandin_nd,47.2688,-97.0927,2023,2023-05-22,-0.5
grandin_nd,47.2688,-97.0927,2023,2023-05-22,-0.25
greatbend_nd,46.1546,-96.801,2012,2012-05-19,0.25
greatbend_nd,46.1546,-96.801,2012,2012-05-19,0.5
greatbend_nd,46.1546,-96.801,2012,2012-05-19,0.75
griswold_ia,41.2343,-95.1392,1998,1998-05-25,3.25
griswold_ia,41.2343,-95.1392,1998,1998-05-25,3.5
griswold_ia,41.2343,-95.1392,1998,1998-05-25,3.75
harrow_ont,42.03,-82.92,1999,1999-05-24,2.5
harrow_ont,42.03,-82.92,1999,1999-05-24,2.25
harrow_ont,42.03,-82.92,1999,1999-05-24,2.75
harrow_ont,42.03,-82.92,2001,2001-05-24,2.5
harrow_ont,42.03,-82.92,2003,2003-05-24,2.5
harrow_ont,42.03,-82.92,2004,2004-05-23,2.5
harrow_ont,42.03,-82.92,2005,2005-05-24,2.5
harrow_ont,42.03,-82.92,2005,2005-05-24,2.25
harrow_ont,42.03,-82.92,2005,2005-05-24,2.75
harrow_ont,42.03,-82.92,2006,2006-05-24,2.5
harrow_ont,42.03,-82.92,2006,2006-05-24,2.75
harrow_ont,42.03,-82.92,2007,2007-05-24,2.5
harrow_ont,42.03,-82.92,2007,2007-05-24,2.25
harrow_ont,42.03,-82.92,2007,2007-05-24,2.75
harrow_ont,42.03,-82.92,2008,2008-05-23,2.5
harrow_ont,42.03,-82.92,2008,2008-05-23,2.25
harrow_ont,42.03,-82.92,2008,2008-05-23,2.75
harrow_ont,42.03,-82.92,2009,2009-05-24,2.5
harrow_ont,42.03,-82.92,2009,2009-05-24,2.25
harrow_ont,42.03,-82.92,2009,2009-05-24,2.75
harrow_ont,42.03,-82.92,2010,2010-05-24,2.5
harrow_ont,42.03,-82.92,2010,2010-05-24,2.25
harrow_ont,42.03,-82.92,2010,2010-05-24,2.75
harrow_ont,42.03,-82.92,2011,2011-05-24,2.5
harrow_ont,42.03,-82.92,2011,2011-05-24,2.25
harrow_ont,42.03,-82.92,2011,2011-05-24,2.75
harrow_ont,42.03,-82.92,2012,2012-05-23,2.5
harrow_ont,42.03,-82.92,2012,2012-05-23,2.25
harrow_ont,42.03,-82.92,2012,2012-05-23,2.75
hartington_ne,42.6207,-97.2669,1998,1998-05-24,2.5
hartington_ne,42.6207,-97.2669,1998,1998-05-24,1.5
hartington_ne,42.6207,-97.2669,1998,1998-05-24,1.25
hartington_ne,42.6207,-97.2669,1998,1998-05-24,1.75
hartington_ne,42.6207,-97.2669,1998,1998-05-24,2.75
hartington_ne,42.6207,-97.2669,1998,1998-05-24,2.25
hatton_nd,47.7575,-97.3759,2021,2021-05-19,0.5
hatton_nd,47.7575,-97.3759,2021,2021-05-19,0.25
hatton_nd,47.7575,-97.3759,2021,2021-05-19,0.75
hatton_nd,47.7575,-97.3759,2021,2021-05-19,-0.5
hatton_nd,47.7575,-97.3759,2023,2023-05-25,0.5
hatton_nd,47.7575,-97.3759,2023,2023-05-25,0.25
hatton_nd,47.7575,-97.3759,2023,2023-05-25,0.75
hatton_nd,47.7575,-97.3759,2023,2023-05-25,-0.5
hatton_nd,47.7575,-97.3759,2023,2023-05-25,-0.25
hildreth_ne,40.3378,-99.0458,1998,1998-05-26,2.5
holdrege_ne,40.470315,-99.394692,2017,2017-05-26,3.5
holdrege_ne,40.470315,-99.394692,2017,2017-05-26,3.75
holdrege_ne,40.470315,-99.394692,2017,2017-05-26,3.25
holdrege_ne,40.470315,-99.394692,2018,2018-05-26,3.5
holdrege_ne,40.470315,-99.394692,2018,2018-05-26,3.75
holdrege_ne,40.470315,-99.394692,2018,2018-05-26,3.25
holdrege_ne,40.470315,-99.394692,2020,2020-05-25,3.5
holdrege_ne,40.470315,-99.394692,2020,2020-05-25,3.25
hooper_ne,41.6117,-96.5486,2015,2015-05-24,1.5
hooper_ne,41.6117,-96.5486,2015,2015-05-24,2.5
hoytville_oh,41.2126,-83.7578,1993,1993-05-25,2.5
hoytville_oh,41.2126,-83.7578,1993,1993-05-25,3.5
hoytville_oh,41.2126,-83.7578,1993,1993-05-25,2.75
hoytville_oh,41.2126,-83.7578,1993,1993-05-25,2.25
hoytville_oh,41.2126,-83.7578,1993,1993-05-25,3.75
hoytville_oh,41.2126,-83.7578,1993,1993-05-25,3.25
hoytville_oh,41.2126,-83.7578,1994,1994-05-25,2.5
hoytville_oh,41.2126,-83.7578,1994,1994-05-25,3.5
hoytville_oh,41.2126,-83.7578,1994,1994-05-25,2.75
hoytville_oh,41.2126,-83.7578,1994,1994-05-25,2.25
hoytville_oh,41.2126,-83.7578,1994,1994-05-25,3.75
hoytville_oh,41.2126,-83.7578,1994,1994-05-25,3.25
hoytville_oh,41.2126,-83.7578,1995,1995-05-25,2.5
hoytville_oh,41.2126,-83.7578,1995,1995-05-25,3.5
hoytville_oh,41.2126,-83.7578,1995,1995-05-25,2.75
hoytville_oh,41.2126,-83.7578,1995,1995-05-25,2.25
hoytville_oh,41.2126,-83.7578,1996,1996-05-24,2.5
hoytville_oh,41.2126,-83.7578,1996,1996-05-24,3.5
hoytville_oh,41.2126,-83.7578,1996,1996-05-24,3.25
hoytville_oh,41.2126,-83.7578,1996,1996-05-24,3.75
hoytville_oh,41.2126,-83.7578,1997,1997-05-25,3.5
hoytville_oh,41.2126,-83.7578,1998,1998-05-25,3.5
hoytville_oh,41.2126,-83.7578,1998,1998-05-25,2.75
hoytville_oh,41.2126,-83.7578,1998,1998-05-25,2.5
hoytville_oh,41.2126,-83.7578,1998,1998-05-25,2.25
hoytville_oh,41.2126,-83.7578,1998,1998-05-25,3.25
hoytville_oh,41.2126,-83.7578,1998,1998-05-25,3.75
hoytville_oh,41.2126,-83.7578,1999,1999-05-25,2.5
hoytville_oh,41.2126,-83.7578,1999,1999-05-25,3.5
hoytville_oh,41.2126,-83.7578,1999,1999-05-25,2.25
hoytville_oh,41.2126,-83.7578,1999,1999-05-25,2.75
hoytville_oh,41.2126,-83.7578,1999,1999-05-25,3.25
hoytville_oh,41.2126,-83.7578,1999,1999-05-25,3.75
hoytville_oh,41.2126,-83.7578,2002,2002-05-25,2.5
hoytville_oh,41.2126,-83.7578,2002,2002-05-25,3.5
hoytville_oh,41.2126,-83.7578,2002,2002-05-25,2.25
hoytville_oh,41.2126,-83.7578,2002,2002-05-25,2.75
hoytville_oh,41.2126,-83.7578,2002,2002-05-25,3.25
hoytville_oh,41.2126,-83.7578,2002,2002-05-25,3.75
hoytville_oh,41.2126,-83.7578,2003,2003-05-25,2.5
hoytville_oh,41.2126,-83.7578,2003,2003-05-25,3.5
hoytville_oh,41.2126,-83.7578,2003,2003-05-25,2.25
hoytville_oh,41.2126,-83.7578,2003,2003-05-25,2.75
hoytville_oh,41.2126,-83.7578,2003,2003-05-25,3.25
hoytville_oh,41.2126,-83.7578,2003,2003-05-25,3.75
hoytville_oh,41.2126,-83.7578,2004,2004-05-24,2.5
hoytville_oh,41.2126,-83.7578,2004,2004-05-24,3.5
hoytville_oh,41.2126,-83.7578,2004,2004-05-24,2.25
hoytville_oh,41.2126,-83.7578,2004,2004-05-24,2.75
hoytville_oh,41.2126,-83.7578,2004,2004-05-24,3.25
hoytville_oh,41.2126,-83.7578,2004,2004-05-24,3.75
hoytville_oh,41.2126,-83.7578,2006,2006-05-25,3.5
hoytville_oh,41.2126,-83.7578,2007,2007-05-25,3.5
hoytville_oh,41.2126,-83.7578,2007,2007-05-25,2.5
hoytville_oh,41.2126,-83.7578,2007,2007-05-25,2.25
hoytville_oh,41.2126,-83.7578,2007,2007-05-25,2.75
hoytville_oh,41.2126,-83.7578,2007,2007-05-25,3.25
hoytville_oh,41.2126,-83.7578,2007,2007-05-25,3.75
hoytville_oh,41.2126,-83.7578,2009,2009-05-25,2.5
hoytville_oh,41.2126,-83.7578,2009,2009-05-25,3.5
hoytville_oh,41.2126,-83.7578,2009,2009-05-25,2.25
hoytville_oh,41.2126,-83.7578,2009,2009-05-25,2.75
hoytville_oh,41.2126,-83.7578,2009,2009-05-25,3.25
hoytville_oh,41.2126,-83.7578,2009,2009-05-25,3.75
hoytville_oh,41.2126,-83.7578,2010,2010-05-25,2.5
hoytville_oh,41.2126,-83.7578,2010,2010-05-25,3.5
hoytville_oh,41.2126,-83.7578,2010,2010-05-25,2.25
hoytville_oh,41.2126,-83.7578,2010,2010-05-25,2.75
hoytville_oh,41.2126,-83.7578,2010,2010-05-25,3.25
hoytville_oh,41.2126,-83.7578,2010,2010-05-25,3.75
hoytville_oh,41.2126,-83.7578,2012,2012-05-24,2.5
hoytville_oh,41.2126,-83.7578,2012,2012-05-24,3.5
hoytville_oh,41.2126,-83.7578,2012,2012-05-24,2.25
hoytville_oh,41.2126,-83.7578,2012,2012-05-24,2.75
hoytville_oh,41.2126,-83.7578,2012,2012-05-24,3.25
hoytville_oh,41.2126,-83.7578,2014,2014-05-25,2.5
hoytville_oh,41.2126,-83.7578,2014,2014-05-25,3.5
hoytville_oh,41.2126,-83.7578,2014,2014-05-25,2.25
hoytville_oh,41.2126,-83.7578,2014,2014-05-25,2.75
hoytville_oh,41.2126,-83.7578,2014,2014-05-25,3.25
hoytville_oh,41.2126,-83.7578,2014,2014-05-25,3.75
hoytville_oh,41.2126,-83.7578,2015,2015-05-25,2.5
hoytville_oh,41.2126,-83.7578,2015,2015-05-25,3.5
hoytville_oh,41.2126,-83.7578,2015,2015-05-25,2.25
hoytville_oh,41.2126,-83.7578,2015,2015-05-25,2.75
hoytville_oh,41.2126,-83.7578,2015,2015-05-25,3.25
hoytville_oh,41.2126,-83.7578,2015,2015-05-25,3.75
hoytville_oh,41.2126,-83.7578,2016,2016-05-28,2.5
hoytville_oh,41.2126,-83.7578,2016,2016-05-28,3.5
hoytville_oh,41.2126,-83.7578,2016,2016-05-24,2.5
hoytville_oh,41.2126,-83.7578,2016,2016-05-24,2.25
hoytville_oh,41.2126,-83.7578,2016,2016-05-24,2.75
hoytville_oh,41.2126,-83.7578,2016,2016-05-28,3.75
hoytville_oh,41.2126,-83.7578,2016,2016-05-28,3.25
hoytville_oh,41.2126,-83.7578,2017,2017-06-01,2.5
hoytville_oh,41.2126,-83.7578,2017,2017-06-01,3.5
hoytville_oh,41.2126,-83.7578,2017,2017-05-25,2.5
hoytville_oh,41.2126,-83.7578,2017,2017-05-25,2.25
hoytville_oh,41.2126,-83.7578,2017,2017-05-25,2.75
hoytville_oh,41.2126,-83.7578,2017,2017-06-01,3.75
hoytville_oh,41.2126,-83.7578,2017,2017-06-01,3.25
hoytville_oh,41.2126,-83.7578,2021,2021-05-21,2.5
hoytville_oh,41.2126,-83.7578,2021,2021-05-21,2.25
hoytville_oh,41.2126,-83.7578,2021,2021-05-21,2.75
hoytville_oh,41.2126,-83.7578,2021,2021-05-21,3.75
hoytville_oh,41.2126,-83.7578,2021,2021-05-21,3.5
hoytville_oh,41.2126,-83.7578,2021,2021-05-21,3.25
hoytville_oh,41.2126,-83.7578,2023,2023-05-18,2.5
hoytville_oh,41.2126,-83.7578,2023,2023-05-18,2.25
hoytville_oh,41.2126,-83.7578,2023,2023-05-18,2.75
hoytville_oh,41.2126,-83.7578,2023,2023-05-18,3.5
hoytville_oh,41.2126,-83.7578,2023,2023-05-18,3.75
hoytville_oh,41.2126,-83.7578,2023,2023-05-18,3.25
hoytville_oh,41.2126,-83.7578,2024,2024-06-12,2.5
hoytville_oh,41.2126,-83.7578,2024,2024-06-12,3.5
inghamcounty_mi,42.6469,-84.3542,1993,1993-05-24,1.5
inghamcounty_mi,42.6469,-84.3542,1993,1993-05-24,1.25
inghamcounty_mi,42.6469,-84.3542,1993,1993-05-24,1.75
inghamcounty_mi,42.6469,-84.3542,1996,1996-05-23,1.5
inghamcounty_mi,42.6469,-84.3542,1996,1996-05-23,2.5
inghamcounty_mi,42.6469,-84.3542,1996,1996-05-23,1.25
inghamcounty_mi,42.6469,-84.3542,1996,1996-05-23,1.75
inghamcounty_mi,42.6469,-84.3542,1999,1999-05-24,1.5
inghamcounty_mi,42.6469,-84.3542,1999,1999-05-24,2.5
inghamcounty_mi,42.6469,-84.3542,1999,1999-05-24,2.25
inghamcounty_mi,42.6469,-84.3542,1999,1999-05-24,2.75
inghamcounty_mi,42.6469,-84.3542,2002,2002-05-24,1.5
inghamcounty_mi,42.6469,-84.3542,2007,2007-05-23,1.5
inghamcounty_mi,42.6469,-84.3542,2007,2007-05-23,2.5
inghamcounty_mi,42.6469,-84.3542,2007,2007-05-23,1.75
inghamcounty_mi,42.6469,-84.3542,2007,2007-05-23,1.25
inghamcounty_mi,42.6469,-84.3542,2007,2007-05-23,2.25
inghamcounty_mi,42.6469,-84.3542,2007,2007-05-23,2.75
inghamcounty_mi,42.6469,-84.3542,2008,2008-05-22,1.5
inghamcounty_mi,42.6469,-84.3542,2008,2008-05-22,2.5
inghamcounty_mi,42.6469,-84.3542,2008,2008-05-22,1.75
inghamcounty_mi,42.6469,-84.3542,2008,2008-05-22,1.25
inghamcounty_mi,42.6469,-84.3542,2008,2008-05-22,2.25
inghamcounty_mi,42.6469,-84.3542,2008,2008-05-22,2.75
inghamcounty_mi,42.6469,-84.3542,2009,2009-05-23,1.5
inghamcounty_mi,42.6469,-84.3542,2009,2009-05-23,2.5
inghamcounty_mi,42.6469,-84.3542,2009,2009-05-23,1.75
inghamcounty_mi,42.6469,-84.3542,2009,2009-05-23,1.25
inghamcounty_mi,42.6469,-84.3542,2009,2009-05-23,2.25
inghamcounty_mi,42.6469,-84.3542,2009,2009-05-23,2.75
inghamcounty_mi,42.6469,-84.3542,2010,2010-05-23,1.5
inghamcounty_mi,42.6469,-84.3542,2010,2010-05-23,2.5
inghamcounty_mi,42.6469,-84.3542,2010,2010-05-23,1.75
inghamcounty_mi,42.6469,-84.3542,2010,2010-05-23,1.25
inghamcounty_mi,42.6469,-84.3542,2010,2010-05-23,2.25
inghamcounty_mi,42.6469,-84.3542,2010,2010-05-23,2.75
inghamcounty_mi,42.6469,-84.3542,2014,2014-05-23,1.5
inghamcounty_mi,42.6469,-84.3542,2014,2014-05-23,2.5
inghamcounty_mi,42.6469,-84.3542,2014,2014-05-23,1.75
inghamcounty_mi,42.6469,-84.3542,2014,2014-05-23,1.25
inghamcounty_mi,42.6469,-84.3542,2014,2014-05-23,2.25
inghamcounty_mi,42.6469,-84.3542,2014,2014-05-23,2.75
ivesdale_il,39.9481,-88.44975,2015,2015-05-26,4.5
ivesdale_il,39.9481,-88.44975,2015,2015-05-26,4.25
ivesdale_il,39.9481,-88.44975,2019,2019-06-01,4.5
ivesdale_il,39.9481,-88.44975,2019,2019-06-01,4.75
ivesdale_il,39.9481,-88.44975,2019,2019-06-01,4.25
ivesdale_il,39.9481,-88.44975,2021,2021-05-14,4.5
ivesdale_il,39.9481,-88.44975,2021,2021-05-14,4.75
ivesdale_il,39.9481,-88.44975,2021,2021-05-14,4.25
jackson_tn,35.61,-88.81,2006,2006-05-23,4.5
jackson_tn,35.61,-88.81,2006,2006-05-23,4.75
jackson_tn,35.61,-88.81,2006,2006-05-23,4.25
jackson_tn,35.61,-88.81,2007,2007-05-24,4.5
jackson_tn,35.61,-88.81,2007,2007-05-24,4.75
jackson_tn,35.61,-88.81,2007,2007-05-24,4.25
jackson_tn,35.61,-88.81,2008,2008-05-23,4.5
jackson_tn,35.61,-88.81,2008,2008-05-23,4.75
jackson_tn,35.61,-88.81,2008,2008-05-23,4.25
jackson_tn,35.61,-88.81,2009,2009-05-24,4.5
jackson_tn,35.61,-88.81,2010,2010-05-24,4.25
jackson_tn,35.61,-88.81,2010,2010-05-24,4.5
jackson_tn,35.61,-88.81,2012,2012-05-23,4.5
jackson_tn,35.61,-88.81,2013,2013-05-24,4.25
jackson_tn,35.61,-88.81,2013,2013-05-24,4.5
jackson_tn,35.61,-88.81,2014,2014-05-24,4.5
jackson_tn,35.61,-88.81,2014,2014-05-24,4.25
jackson_tn,35.61,-88.81,2015,2015-05-24,4.5
jackson_tn,35.61,-88.81,2015,2015-05-24,4.25
jackson_tn,35.61,-88.81,2016,2016-05-23,4.5
jackson_tn,35.61,-88.81,2016,2016-05-23,4.75
jackson_tn,35.61,-88.81,2016,2016-05-23,4.25
kanawha_ia,42.9333,-93.7924,1994,1994-05-23,1.5
kanawha_ia,42.9333,-93.7924,1994,1994-05-23,1.25
kanawha_ia,42.9333,-93.7924,1994,1994-05-23,1.75
kanawha_ia,42.9333,-93.7924,1995,1995-05-23,1.5
kanawha_ia,42.9333,-93.7924,1996,1996-05-22,1.5
kanawha_ia,42.9333,-93.7924,1996,1996-05-22,1.25
kanawha_ia,42.9333,-93.7924,1996,1996-05-22,1.75
kanawha_ia,42.9333,-93.7924,1997,1997-05-23,1.5
kanawha_ia,42.9333,-93.7924,1997,1997-05-23,1.25
kanawha_ia,42.9333,-93.7924,1997,1997-05-23,1.75
kanawha_ia,42.9333,-93.7924,1998,1998-05-23,1.5
kanawha_ia,42.9333,-93.7924,1998,1998-05-23,1.25
kanawha_ia,42.9333,-93.7924,1998,1998-05-23,1.75
kanawha_ia,42.9333,-93.7924,2001,2001-05-23,1.5
kanawha_ia,42.9333,-93.7924,2003,2003-05-23,1.5
kanawha_ia,42.9333,-93.7924,2009,2009-05-23,1.5
kanawha_ia,42.9333,-93.7924,2009,2009-05-23,1.75
kanawha_ia,42.9333,-93.7924,2009,2009-05-23,1.25
kanawha_ia,42.9333,-93.7924,2010,2010-05-23,1.5
kanawha_ia,42.9333,-93.7924,2010,2010-05-23,1.75
kanawha_ia,42.9333,-93.7924,2010,2010-05-23,1.25
kanawha_ia,42.9333,-93.7924,2012,2012-05-22,1.5
kanawha_ia,42.9333,-93.7924,2012,2012-05-22,1.75
kanawha_ia,42.9333,-93.7924,2012,2012-05-22,1.25
kanawha_ia,42.9333,-93.7924,2017,2017-05-23,1.5
kanawha_ia,42.9333,-93.7924,2017,2017-05-12,1.75
kanawha_ia,42.9333,-93.7924,2017,2017-05-12,1.5
kanawha_ia,42.9333,-93.7924,2017,2017-05-12,1.25
kanawha_ia,42.9333,-93.7924,2018,2018-05-18,1.5
kanawha_ia,42.9333,-93.7924,2018,2018-05-18,1.75
kanawha_ia,42.9333,-93.7924,2018,2018-05-18,1.25
kingdomcity_mo,38.9473,-91.939,2001,2001-05-27,4.5
kingdomcity_mo,38.9473,-91.939,2002,2002-05-27,4.5
kingdomcity_mo,38.9473,-91.939,2003,2003-05-27,3.5
kingdomcity_mo,38.9473,-91.939,2003,2003-05-27,3.25
kingdomcity_mo,38.9473,-91.939,2003,2003-05-27,3.75
lafayette_in,40.399,-86.8592,1993,1993-05-26,2.5
lafayette_in,40.399,-86.8592,1993,1993-05-26,3.5
lafayette_in,40.399,-86.8592,1993,1993-05-26,2.75
lafayette_in,40.399,-86.8592,1993,1993-05-26,2.25
lafayette_in,40.399,-86.8592,1993,1993-05-26,3.75
lafayette_in,40.399,-86.8592,1993,1993-05-26,3.25
lafayette_in,40.399,-86.8592,1993,1993-05-26,4.5
lafayette_in,40.399,-86.8592,1993,1993-05-26,4.25
lafayette_in,40.399,-86.8592,1993,1993-05-26,4.75
lafayette_in,40.399,-86.8592,1994,1994-05-26,2.5
lafayette_in,40.399,-86.8592,1994,1994-05-26,3.5
lafayette_in,40.399,-86.8592,1994,1994-05-26,4.5
lafayette_in,40.399,-86.8592,1994,1994-05-26,3.75
lafayette_in,40.399,-86.8592,1994,1994-05-26,3.25
lafayette_in,40.399,-86.8592,1995,1995-05-26,2.5
lafayette_in,40.399,-86.8592,1995,1995-05-26,3.5
lafayette_in,40.399,-86.8592,1995,1995-05-26,2.75
lafayette_in,40.399,-86.8592,1995,1995-05-26,2.25
lafayette_in,40.399,-86.8592,1995,1995-05-26,3.75
lafayette_in,40.399,-86.8592,1995,1995-05-26,3.25
lafayette_in,40.399,-86.8592,1995,1995-05-26,4.5
lafayette_in,40.399,-86.8592,1995,1995-05-26,4.25
lafayette_in,40.399,-86.8592,1995,1995-05-26,4.75
lafayette_in,40.399,-86.8592,1996,1996-05-25,2.5
lafayette_in,40.399,-86.8592,1996,1996-05-25,3.5
lafayette_in,40.399,-86.8592,1996,1996-05-25,2.75
lafayette_in,40.399,-86.8592,1996,1996-05-25,2.25
lafayette_in,40.399,-86.8592,1996,1996-05-25,3.25
lafayette_in,40.399,-86.8592,1996,1996-05-25,3.75
lafayette_in,40.399,-86.8592,1996,1996-05-25,4.5
lafayette_in,40.399,-86.8592,1996,1996-05-25,4.75
lafayette_in,40.399,-86.8592,1996,1996-05-25,4.25
lafayette_in,40.399,-86.8592,1997,1997-05-26,2.5
lafayette_in,40.399,-86.8592,1997,1997-05-26,3.5
lafayette_in,40.399,-86.8592,1997,1997-05-26,2.75
lafayette_in,40.399,-86.8592,1997,1997-05-26,2.25
lafayette_in,40.399,-86.8592,1997,1997-05-26,3.25
lafayette_in,40.399,-86.8592,1997,1997-05-26,3.75
lafayette_in,40.399,-86.8592,1997,1997-05-26,4.5
lafayette_in,40.399,-86.8592,1997,1997-05-26,4.75
lafayette_in,40.399,-86.8592,1997,1997-05-26,4.25
lafayette_in,40.399,-86.8592,1998,1998-05-26,2.5
lafayette_in,40.399,-86.8592,1998,1998-05-26,3.5
lafayette_in,40.399,-86.8592,1998,1998-05-26,2.75
lafayette_in,40.399,-86.8592,1998,1998-05-26,2.25
lafayette_in,40.399,-86.8592,1998,1998-05-26,3.25
lafayette_in,40.399,-86.8592,1998,1998-05-26,3.75
lafayette_in,40.399,-86.8592,1998,1998-05-26,4.5
lafayette_in,40.399,-86.8592,1998,1998-05-26,4.75
lafayette_in,40.399,-86.8592,1998,1998-05-26,4.25
lafayette_in,40.399,-86.8592,1999,1999-05-26,2.5
lafayette_in,40.399,-86.8592,1999,1999-05-26,3.5
lafayette_in,40.399,-86.8592,1999,1999-05-26,1.5
lafayette_in,40.399,-86.8592,1999,1999-05-26,1.75
lafayette_in,40.399,-86.8592,1999,1999-05-26,1.25
lafayette_in,40.399,-86.8592,1999,1999-05-26,2.25
lafayette_in,40.399,-86.8592,1999,1999-05-26,2.75
lafayette_in,40.399,-86.8592,1999,1999-05-26,3.25
lafayette_in,40.399,-86.8592,1999,1999-05-26,3.75
lafayette_in,40.399,-86.8592,2000,2000-05-25,2.5
lafayette_in,40.399,-86.8592,2000,2000-05-25,3.5
lafayette_in,40.399,-86.8592,2000,2000-05-25,4.5
lafayette_in,40.399,-86.8592,2000,2000-05-25,1.5
lafayette_in,40.399,-86.8592,2000,2000-05-25,1.75
lafayette_in,40.399,-86.8592,2000,2000-05-25,1.25
lafayette_in,40.399,-86.8592,2000,2000-05-25,2.25
lafayette_in,40.399,-86.8592,2000,2000-05-25,2.75
lafayette_in,40.399,-86.8592,2000,2000-05-25,3.25
lafayette_in,40.399,-86.8592,2000,2000-05-25,3.75
lafayette_in,40.399,-86.8592,2000,2000-05-25,4.25
lafayette_in,40.399,-86.8592,2000,2000-05-25,4.75
lafayette_in,40.399,-86.8592,2001,2001-05-26,2.5
lafayette_in,40.399,-86.8592,2001,2001-05-26,3.5
lafayette_in,40.399,-86.8592,2001,2001-05-26,1.5
lafayette_in,40.399,-86.8592,2001,2001-05-26,1.75
lafayette_in,40.399,-86.8592,2001,2001-05-26,1.25
lafayette_in,40.399,-86.8592,2001,2001-05-26,2.25
lafayette_in,40.399,-86.8592,2001,2001-05-26,2.75
lafayette_in,40.399,-86.8592,2001,2001-05-26,3.25
lafayette_in,40.399,-86.8592,2001,2001-05-26,3.75
lafayette_in,40.399,-86.8592,2001,2001-05-26,4.5
lafayette_in,40.399,-86.8592,2001,2001-05-26,4.25
lafayette_in,40.399,-86.8592,2002,2002-05-26,2.5
lafayette_in,40.399,-86.8592,2002,2002-05-26,3.5
lafayette_in,40.399,-86.8592,2002,2002-05-26,2.25
lafayette_in,40.399,-86.8592,2002,2002-05-26,2.75
lafayette_in,40.399,-86.8592,2002,2002-05-26,3.25
lafayette_in,40.399,-86.8592,2002,2002-05-26,3.75
lafayette_in,40.399,-86.8592,2002,2002-05-26,4.5
lafayette_in,40.399,-86.8592,2002,2002-05-26,4.25
lafayette_in,40.399,-86.8592,2003,2003-05-26,1.5
lafayette_in,40.399,-86.8592,2003,2003-05-26,3.5
lafayette_in,40.399,-86.8592,2003,2003-05-26,2.5
lafayette_in,40.399,-86.8592,2003,2003-05-26,4.5
lafayette_in,40.399,-86.8592,2003,2003-05-26,1.75
lafayette_in,40.399,-86.8592,2003,2003-05-26,1.25
lafayette_in,40.399,-86.8592,2003,2003-05-26,2.25
lafayette_in,40.399,-86.8592,2003,2003-05-26,2.75
lafayette_in,40.399,-86.8592,2003,2003-05-26,3.25
lafayette_in,40.399,-86.8592,2003,2003-05-26,3.75
lafayette_in,40.399,-86.8592,2003,2003-05-26,4.25
lafayette_in,40.399,-86.8592,2004,2004-05-25,2.5
lafayette_in,40.399,-86.8592,2004,2004-05-25,3.5
lafayette_in,40.399,-86.8592,2004,2004-05-25,1.5
lafayette_in,40.399,-86.8592,2004,2004-05-25,1.75
lafayette_in,40.399,-86.8592,2004,2004-05-25,1.25
lafayette_in,40.399,-86.8592,2004,2004-05-25,3.25
lafayette_in,40.399,-86.8592,2004,2004-05-25,3.75
lafayette_in,40.399,-86.8592,2004,2004-05-25,2.75
lafayette_in,40.399,-86.8592,2004,2004-05-25,2.25
lafayette_in,40.399,-86.8592,2005,2005-05-26,1.5
lafayette_in,40.399,-86.8592,2005,2005-05-26,2.5
lafayette_in,40.399,-86.8592,2005,2005-05-26,3.5
lafayette_in,40.399,-86.8592,2005,2005-05-26,1.75
lafayette_in,40.399,-86.8592,2005,2005-05-26,1.25
lafayette_in,40.399,-86.8592,2005,2005-05-26,2.25
lafayette_in,40.399,-86.8592,2005,2005-05-26,2.75
lafayette_in,40.399,-86.8592,2005,2005-05-26,3.25
lafayette_in,40.399,-86.8592,2005,2005-05-26,3.75
lafayette_in,40.399,-86.8592,2005,2005-05-26,4.5
lafayette_in,40.399,-86.8592,2005,2005-05-26,4.25
lafayette_in,40.399,-86.8592,2006,2006-05-26,1.5
lafayette_in,40.399,-86.8592,2006,2006-05-26,2.5
lafayette_in,40.399,-86.8592,2006,2006-05-26,3.5
lafayette_in,40.399,-86.8592,2006,2006-05-26,1.75
lafayette_in,40.399,-86.8592,2006,2006-05-26,1.25
lafayette_in,40.399,-86.8592,2006,2006-05-26,2.75
lafayette_in,40.399,-86.8592,2006,2006-05-26,3.25
lafayette_in,40.399,-86.8592,2006,2006-05-26,3.75
lafayette_in,40.399,-86.8592,2006,2006-05-26,2.25
lafayette_in,40.399,-86.8592,2006,2006-05-26,4.5
lafayette_in,40.399,-86.8592,2006,2006-05-26,4.75
lafayette_in,40.399,-86.8592,2006,2006-05-26,4.25
lafayette_in,40.399,-86.8592,2007,2007-05-26,1.5
lafayette_in,40.399,-86.8592,2007,2007-05-26,2.5
lafayette_in,40.399,-86.8592,2007,2007-05-26,3.5
lafayette_in,40.399,-86.8592,2007,2007-05-26,1.75
lafayette_in,40.399,-86.8592,2007,2007-05-26,1.25
lafayette_in,40.399,-86.8592,2007,2007-05-26,2.25
lafayette_in,40.399,-86.8592,2007,2007-05-26,2.75
lafayette_in,40.399,-86.8592,2007,2007-05-26,3.25
lafayette_in,40.399,-86.8592,2007,2007-05-26,3.75
lafayette_in,40.399,-86.8592,2007,2007-05-26,4.5
lafayette_in,40.399,-86.8592,2007,2007-05-26,4.25
lafayette_in,40.399,-86.8592,2007,2007-05-26,4.75
lafayette_in,40.399,-86.8592,2008,2008-05-25,1.5
lafayette_in,40.399,-86.8592,2008,2008-05-25,2.5
lafayette_in,40.399,-86.8592,2008,2008-05-25,3.5
lafayette_in,40.399,-86.8592,2008,2008-05-25,1.75
lafayette_in,40.399,-86.8592,2008,2008-05-25,1.25
lafayette_in,40.399,-86.8592,2008,2008-05-25,2.25
lafayette_in,40.399,-86.8592,2008,2008-05-25,2.75
lafayette_in,40.399,-86.8592,2008,2008-05-25,3.25
lafayette_in,40.399,-86.8592,2008,2008-05-25,3.75
lafayette_in,40.399,-86.8592,2008,2008-05-25,4.5
lafayette_in,40.399,-86.8592,2008,2008-05-25,4.25
lafayette_in,40.399,-86.8592,2008,2008-05-25,4.75
lafayette_in,40.399,-86.8592,2009,2009-05-26,1.5
lafayette_in,40.399,-86.8592,2009,2009-05-26,2.5
lafayette_in,40.399,-86.8592,2009,2009-05-26,3.5
lafayette_in,40.399,-86.8592,2009,2009-05-26,4.5
lafayette_in,40.399,-86.8592,2009,2009-05-26,1.75
lafayette_in,40.399,-86.8592,2009,2009-05-26,1.25
lafayette_in,40.399,-86.8592,2009,2009-05-26,2.25
lafayette_in,40.399,-86.8592,2009,2009-05-26,2.75
lafayette_in,40.399,-86.8592,2009,2009-05-26,3.25
lafayette_in,40.399,-86.8592,2009,2009-05-26,3.75
lafayette_in,40.399,-86.8592,2009,2009-05-26,4.25
lafayette_in,40.399,-86.8592,2010,2010-05-26,1.5
lafayette_in,40.399,-86.8592,2010,2010-05-26,2.5
lafayette_in,40.399,-86.8592,2010,2010-05-26,3.5
lafayette_in,40.399,-86.8592,2010,2010-05-26,4.5
lafayette_in,40.399,-86.8592,2010,2010-05-26,1.75
lafayette_in,40.399,-86.8592,2010,2010-05-26,1.25
lafayette_in,40.399,-86.8592,2010,2010-05-26,2.25
lafayette_in,40.399,-86.8592,2010,2010-05-26,2.75
lafayette_in,40.399,-86.8592,2010,2010-05-26,3.25
lafayette_in,40.399,-86.8592,2010,2010-05-26,3.75
lafayette_in,40.399,-86.8592,2010,2010-05-26,4.25
lafayette_in,40.399,-86.8592,2012,2012-05-25,2.5
lafayette_in,40.399,-86.8592,2012,2012-05-25,3.5
lafayette_in,40.399,-86.8592,2012,2012-05-25,4.5
lafayette_in,40.399,-86.8592,2012,2012-05-25,2.25
lafayette_in,40.399,-86.8592,2012,2012-05-25,2.75
lafayette_in,40.399,-86.8592,2014,2014-05-26,1.5
lafayette_in,40.399,-86.8592,2014,2014-05-26,2.5
lafayette_in,40.399,-86.8592,2014,2014-05-26,3.5
lafayette_in,40.399,-86.8592,2014,2014-05-26,4.5
lafayette_in,40.399,-86.8592,2014,2014-05-26,1.75
lafayette_in,40.399,-86.8592,2014,2014-05-26,1.25
lafayette_in,40.399,-86.8592,2014,2014-05-26,2.25
lafayette_in,40.399,-86.8592,2014,2014-05-26,2.75
lafayette_in,40.399,-86.8592,2014,2014-05-26,3.25
lafayette_in,40.399,-86.8592,2014,2014-05-26,3.75
lafayette_in,40.399,-86.8592,2014,2014-05-26,4.25
lafayette_in,40.399,-86.8592,2015,2015-05-26,1.5
lafayette_in,40.399,-86.8592,2015,2015-05-26,2.5
lafayette_in,40.399,-86.8592,2015,2015-05-26,3.5
lafayette_in,40.399,-86.8592,2015,2015-05-26,4.5
lafayette_in,40.399,-86.8592,2015,2015-05-26,1.75
lafayette_in,40.399,-86.8592,2015,2015-05-26,1.25
lafayette_in,40.399,-86.8592,2015,2015-05-26,2.25
lafayette_in,40.399,-86.8592,2015,2015-05-26,2.75
lafayette_in,40.399,-86.8592,2015,2015-05-26,3.25
lafayette_in,40.399,-86.8592,2015,2015-05-26,3.75
lafayette_in,40.399,-86.8592,2015,2015-05-26,4.25
lafayette_in,40.399,-86.8592,2015,2015-05-26,4.75
lafayette_in,40.399,-86.8592,2016,2016-05-25,1.5
lafayette_in,40.399,-86.8592,2016,2016-05-25,2.5
lafayette_in,40.399,-86.8592,2016,2016-05-25,3.5
lafayette_in,40.399,-86.8592,2016,2016-05-25,4.5
lafayette_in,40.399,-86.8592,2016,2016-05-25,1.75
lafayette_in,40.399,-86.8592,2016,2016-05-25,1.25
lafayette_in,40.399,-86.8592,2016,2016-05-25,2.25
lafayette_in,40.399,-86.8592,2016,2016-05-25,2.75
lafayette_in,40.399,-86.8592,2016,2016-05-25,3.75
lafayette_in,40.399,-86.8592,2016,2016-05-25,3.25
lafayette_in,40.399,-86.8592,2016,2016-05-25,4.75
lafayette_in,40.399,-86.8592,2016,2016-05-25,4.25
lafayette_in,40.399,-86.8592,2017,2017-05-26,1.5
lafayette_in,40.399,-86.8592,2017,2017-05-26,2.5
lafayette_in,40.399,-86.8592,2017,2017-05-26,3.5
lafayette_in,40.399,-86.8592,2017,2017-05-26,4.5
lafayette_in,40.399,-86.8592,2017,2017-05-26,1.75
lafayette_in,40.399,-86.8592,2017,2017-05-26,1.25
lafayette_in,40.399,-86.8592,2017,2017-05-26,2.25
lafayette_in,40.399,-86.8592,2017,2017-05-26,2.75
lafayette_in,40.399,-86.8592,2017,2017-05-26,3.75
lafayette_in,40.399,-86.8592,2017,2017-05-26,3.25
lafayette_in,40.399,-86.8592,2017,2017-05-26,4.75
lafayette_in,40.399,-86.8592,2017,2017-05-26,4.25
lafayette_in,40.399,-86.8592,2018,2018-05-26,1.5
lafayette_in,40.399,-86.8592,2018,2018-05-26,1.75
lafayette_in,40.399,-86.8592,2018,2018-05-26,1.25
lafayette_in,40.399,-86.8592,2018,2018-05-26,2.5
lafayette_in,40.399,-86.8592,2018,2018-05-26,2.25
lafayette_in,40.399,-86.8592,2018,2018-05-26,2.75
lafayette_in,40.399,-86.8592,2018,2018-05-26,3.5
lafayette_in,40.399,-86.8592,2018,2018-05-26,3.75
lafayette_in,40.399,-86.8592,2018,2018-05-26,3.25
lafayette_in,40.399,-86.8592,2018,2018-05-26,4.5
lafayette_in,40.399,-86.8592,2018,2018-05-26,4.75
lafayette_in,40.399,-86.8592,2019,2019-05-26,1.5
lafayette_in,40.399,-86.8592,2019,2019-05-26,1.25
lafayette_in,40.399,-86.8592,2019,2019-05-26,2.5
lafayette_in,40.399,-86.8592,2019,2019-05-26,2.25
lafayette_in,40.399,-86.8592,2019,2019-05-26,2.75
lafayette_in,40.399,-86.8592,2019,2019-05-26,3.5
lafayette_in,40.399,-86.8592,2019,2019-05-26,3.75
lafayette_in,40.399,-86.8592,2019,2019-05-26,3.25
lafayette_in,40.399,-86.8592,2019,2019-05-26,4.5
lafayette_in,40.399,-86.8592,2019,2019-05-26,4.75
lafayette_in,40.399,-86.8592,2019,2019-05-26,4.25
lafayette_in,40.399,-86.8592,2019,2019-05-26,1.75
lamberton_mn,44.24095,-95.3115,1995,1995-05-22,1.5
lamberton_mn,44.24095,-95.3115,1995,1995-05-22,1.25
lamberton_mn,44.24095,-95.3115,1995,1995-05-22,1.75
lamberton_mn,44.24095,-95.3115,1995,1995-05-22,2.5
lamberton_mn,44.24095,-95.3115,1995,1995-05-22,2.75
lamberton_mn,44.24095,-95.3115,1995,1995-05-22,2.25
lamberton_mn,44.24095,-95.3115,1996,1996-05-21,1.5
lamberton_mn,44.24095,-95.3115,1996,1996-05-21,1.25
lamberton_mn,44.24095,-95.3115,1996,1996-05-21,1.75
lamberton_mn,44.24095,-95.3115,1996,1996-05-21,2.5
lamberton_mn,44.24095,-95.3115,1996,1996-05-21,2.75
lamberton_mn,44.24095,-95.3115,1996,1996-05-21,2.25
lamberton_mn,44.24095,-95.3115,1997,1997-05-22,1.5
lamberton_mn,44.24095,-95.3115,1997,1997-05-22,1.25
lamberton_mn,44.24095,-95.3115,1997,1997-05-22,1.75
lamberton_mn,44.24095,-95.3115,1997,1997-05-22,2.5
lamberton_mn,44.24095,-95.3115,1997,1997-05-22,2.75
lamberton_mn,44.24095,-95.3115,1997,1997-05-22,2.25
lamberton_mn,44.24095,-95.3115,1999,1999-05-22,1.5
lamberton_mn,44.24095,-95.3115,1999,1999-05-22,1.75
lamberton_mn,44.24095,-95.3115,1999,1999-05-22,1.25
lamberton_mn,44.24095,-95.3115,2000,2000-05-21,1.5
lamberton_mn,44.24095,-95.3115,2000,2000-05-21,2.5
lamberton_mn,44.24095,-95.3115,2000,2000-05-21,2.25
lamberton_mn,44.24095,-95.3115,2000,2000-05-21,2.75
lamberton_mn,44.24095,-95.3115,2001,2001-05-22,1.5
lamberton_mn,44.24095,-95.3115,2001,2001-05-22,1.75
lamberton_mn,44.24095,-95.3115,2001,2001-05-22,1.25
lamberton_mn,44.24095,-95.3115,2001,2001-05-22,2.5
lamberton_mn,44.24095,-95.3115,2001,2001-05-22,2.25
lamberton_mn,44.24095,-95.3115,2001,2001-05-22,2.75
lamberton_mn,44.24095,-95.3115,2002,2002-05-22,1.5
lamberton_mn,44.24095,-95.3115,2002,2002-05-22,1.75
lamberton_mn,44.24095,-95.3115,2002,2002-05-22,1.25
lamberton_mn,44.24095,-95.3115,2003,2003-05-22,1.5
lamberton_mn,44.24095,-95.3115,2003,2003-05-22,1.75
lamberton_mn,44.24095,-95.3115,2003,2003-05-22,1.25
lamberton_mn,44.24095,-95.3115,2003,2003-05-22,2.5
lamberton_mn,44.24095,-95.3115,2003,2003-05-22,2.25
lamberton_mn,44.24095,-95.3115,2003,2003-05-22,2.75
lamberton_mn,44.24095,-95.3115,2004,2004-05-21,1.5
lamberton_mn,44.24095,-95.3115,2004,2004-05-21,1.75
lamberton_mn,44.24095,-95.3115,2004,2004-05-21,1.25
lamberton_mn,44.24095,-95.3115,2005,2005-05-22,1.5
lamberton_mn,44.24095,-95.3115,2005,2005-05-22,1.75
lamberton_mn,44.24095,-95.3115,2005,2005-05-22,1.25
lamberton_mn,44.24095,-95.3115,2006,2006-05-22,1.5
lamberton_mn,44.24095,-95.3115,2006,2006-05-22,1.75
lamberton_mn,44.24095,-95.3115,2006,2006-05-22,1.25
lamberton_mn,44.24095,-95.3115,2007,2007-05-22,1.5
lamberton_mn,44.24095,-95.3115,2007,2007-05-22,1.75
lamberton_mn,44.24095,-95.3115,2007,2007-05-22,1.25
lamberton_mn,44.24095,-95.3115,2007,2007-05-22,2.5
lamberton_mn,44.24095,-95.3115,2007,2007-05-22,2.25
lamberton_mn,44.24095,-95.3115,2007,2007-05-22,2.75
lamberton_mn,44.24095,-95.3115,2008,2008-05-21,1.5
lamberton_mn,44.24095,-95.3115,2008,2008-05-21,1.75
lamberton_mn,44.24095,-95.3115,2008,2008-05-21,1.25
lamberton_mn,44.24095,-95.3115,2008,2008-05-21,2.5
lamberton_mn,44.24095,-95.3115,2008,2008-05-21,2.25
lamberton_mn,44.24095,-95.3115,2008,2008-05-21,2.75
lamberton_mn,44.24095,-95.3115,2009,2009-05-22,1.5
lamberton_mn,44.24095,-95.3115,2009,2009-05-22,1.75
lamberton_mn,44.24095,-95.3115,2009,2009-05-22,1.25
lamberton_mn,44.24095,-95.3115,2009,2009-05-22,2.5
lamberton_mn,44.24095,-95.3115,2009,2009-05-22,2.25
lamberton_mn,44.24095,-95.3115,2009,2009-05-22,2.75
lamberton_mn,44.24095,-95.3115,2010,2010-05-22,1.5
lamberton_mn,44.24095,-95.3115,2010,2010-05-22,1.75
lamberton_mn,44.24095,-95.3115,2010,2010-05-22,1.25
lamberton_mn,44.24095,-95.3115,2010,2010-05-22,2.5
lamberton_mn,44.24095,-95.3115,2010,2010-05-22,2.25
lamberton_mn,44.24095,-95.3115,2010,2010-05-22,2.75
lamberton_mn,44.24095,-95.3115,2011,2011-05-22,1.5
lamberton_mn,44.24095,-95.3115,2011,2011-05-22,1.75
lamberton_mn,44.24095,-95.3115,2011,2011-05-22,1.25
lamberton_mn,44.24095,-95.3115,2011,2011-05-22,2.5
lamberton_mn,44.24095,-95.3115,2011,2011-05-22,2.25
lamberton_mn,44.24095,-95.3115,2011,2011-05-22,2.75
lamberton_mn,44.24095,-95.3115,2012,2012-05-21,1.5
lamberton_mn,44.24095,-95.3115,2012,2012-05-21,1.75
lamberton_mn,44.24095,-95.3115,2012,2012-05-21,1.25
lamberton_mn,44.24095,-95.3115,2012,2012-05-21,2.5
lamberton_mn,44.24095,-95.3115,2012,2012-05-21,2.25
lamberton_mn,44.24095,-95.3115,2012,2012-05-21,2.75
lamberton_mn,44.24095,-95.3115,2013,2013-05-22,1.5
lamberton_mn,44.24095,-95.3115,2013,2013-05-22,1.75
lamberton_mn,44.24095,-95.3115,2013,2013-05-22,1.25
lamberton_mn,44.24095,-95.3115,2013,2013-05-22,2.5
lamberton_mn,44.24095,-95.3115,2013,2013-05-22,2.25
lamberton_mn,44.24095,-95.3115,2013,2013-05-22,2.75
lamberton_mn,44.24095,-95.3115,2014,2014-05-21,1.5
lamberton_mn,44.24095,-95.3115,2014,2014-05-21,2.5
lamberton_mn,44.24095,-95.3115,2014,2014-05-21,2.25
lamberton_mn,44.24095,-95.3115,2014,2014-05-21,2.75
lamberton_mn,44.24095,-95.3115,2014,2014-05-21,1.25
lamberton_mn,44.24095,-95.3115,2014,2014-05-21,1.75
lamberton_mn,44.24095,-95.3115,2015,2015-05-21,1.5
lamberton_mn,44.24095,-95.3115,2015,2015-05-21,2.25
lamberton_mn,44.24095,-95.3115,2015,2015-05-21,2.5
lamberton_mn,44.24095,-95.3115,2015,2015-05-21,2.75
lamberton_mn,44.24095,-95.3115,2015,2015-05-21,1.25
lamberton_mn,44.24095,-95.3115,2015,2015-05-21,1.75
lamberton_mn,44.24095,-95.3115,2016,2016-05-20,1.5
lamberton_mn,44.24095,-95.3115,2016,2016-05-23,2.5
lamberton_mn,44.24095,-95.3115,2016,2016-05-23,1.75
lamberton_mn,44.24095,-95.3115,2016,2016-05-23,1.5
lamberton_mn,44.24095,-95.3115,2016,2016-05-23,1.25
lamberton_mn,44.24095,-95.3115,2016,2016-05-23,2.25
lamberton_mn,44.24095,-95.3115,2016,2016-05-23,2.75
lamberton_mn,44.24095,-95.3115,2017,2017-05-15,2.5
lamberton_mn,44.24095,-95.3115,2017,2017-05-15,2.25
lamberton_mn,44.24095,-95.3115,2017,2017-05-15,2.75
lamberton_mn,44.24095,-95.3115,2018,2018-05-16,2.5
lamberton_mn,44.24095,-95.3115,2018,2018-05-16,2.25
lamberton_mn,44.24095,-95.3115,2018,2018-05-16,2.75
lamberton_mn,44.24095,-95.3115,2021,2021-05-21,1.5
lamberton_mn,44.24095,-95.3115,2021,2021-05-21,1.75
lamberton_mn,44.24095,-95.3115,2021,2021-05-21,1.25
lamberton_mn,44.24095,-95.3115,2022,2022-05-21,1.25
lamberton_mn,44.24095,-95.3115,2022,2022-05-21,1.5
lamberton_mn,44.24095,-95.3115,2023,2023-05-24,1.5
lamberton_mn,44.24095,-95.3115,2023,2023-05-24,1.75
lamberton_mn,44.24095,-95.3115,2023,2023-05-24,1.25
lamberton_mn,44.24095,-95.3115,2024,2024-05-16,1.5
lapocatiere_que,47.357,-70.023,2016,2016-05-25,-0.5
lapocatiere_que,47.357,-70.023,2016,2016-05-25,-0.25
lapocatiere_que,47.357,-70.023,2016,2016-05-25,-0.75
lexington_ky,38.0423,-84.4587,1993,1993-05-26,4.5
lexington_ky,38.0423,-84.4587,1995,1995-05-26,4.5
lexington_ky,38.0423,-84.4587,1995,1995-05-26,4.25
lexington_ky,38.0423,-84.4587,1995,1995-05-26,4.75
lexington_ky,38.0423,-84.4587,1996,1996-05-25,4.5
lexington_ky,38.0423,-84.4587,1996,1996-05-25,4.75
lexington_ky,38.0423,-84.4587,1996,1996-05-25,4.25
lexington_ky,38.0423,-84.4587,1997,1997-05-26,4.5
lexington_ky,38.0423,-84.4587,1997,1997-05-26,4.75
lexington_ky,38.0423,-84.4587,1997,1997-05-26,4.25
lexington_ky,38.0423,-84.4587,1998,1998-05-26,4.5
lexington_ky,38.0423,-84.4587,2000,2000-05-25,4.5
lexington_ky,38.0423,-84.4587,2000,2000-05-25,4.25
lexington_ky,38.0423,-84.4587,2000,2000-05-25,4.75
lexington_ky,38.0423,-84.4587,2001,2001-05-27,4.5
lexington_ky,38.0423,-84.4587,2001,2001-05-27,4.25
lexington_ky,38.0423,-84.4587,2003,2003-05-27,4.5
lexington_ky,38.0423,-84.4587,2003,2003-05-27,4.25
lexington_ky,38.0423,-84.4587,2004,2004-05-26,4.5
lexington_ky,38.0423,-84.4587,2004,2004-05-26,4.25
lexington_ky,38.0423,-84.4587,2004,2004-05-26,4.75
lexington_ky,38.0423,-84.4587,2006,2006-05-27,4.5
lexington_ky,38.0423,-84.4587,2006,2006-05-27,4.75
lexington_ky,38.0423,-84.4587,2006,2006-05-27,4.25
lexington_ky,38.0423,-84.4587,2007,2007-05-27,4.5
lexington_ky,38.0423,-84.4587,2007,2007-05-27,4.25
lexington_ky,38.0423,-84.4587,2007,2007-05-27,4.75
lexington_ky,38.0423,-84.4587,2008,2008-05-26,4.5
lexington_ky,38.0423,-84.4587,2008,2008-05-26,4.25
lexington_ky,38.0423,-84.4587,2008,2008-05-26,4.75
lexington_ky,38.0423,-84.4587,2009,2009-05-27,4.5
lexington_ky,38.0423,-84.4587,2009,2009-05-27,4.25
lexington_ky,38.0423,-84.4587,2010,2010-05-27,4.25
lexington_ky,38.0423,-84.4587,2010,2010-05-27,4.5
lincoln_ne,40.8612,-96.6001,1996,1996-05-25,3.5
lincoln_ne,40.8612,-96.6001,1996,1996-05-25,3.25
lincoln_ne,40.8612,-96.6001,1996,1996-05-25,3.75
lincoln_ne,40.8612,-96.6001,1997,1997-05-26,2.5
lincoln_ne,40.8612,-96.6001,1997,1997-05-26,3.5
lincoln_ne,40.8612,-96.6001,1997,1997-05-26,1.5
lincoln_ne,40.8612,-96.6001,1997,1997-05-26,1.25
lincoln_ne,40.8612,-96.6001,1997,1997-05-26,1.75
lincoln_ne,40.8612,-96.6001,1997,1997-05-26,2.75
lincoln_ne,40.8612,-96.6001,1997,1997-05-26,2.25
lincoln_ne,40.8612,-96.6001,1997,1997-05-26,3.25
lincoln_ne,40.8612,-96.6001,1997,1997-05-26,3.75
lincoln_ne,40.8612,-96.6001,2014,2014-05-25,3.5
lincoln_ne,40.8612,-96.6001,2014,2014-05-25,3.25
lincoln_ne,40.8612,-96.6001,2014,2014-05-25,3.75
london_ont,43.07,-81.34,1993,1993-05-23,1.5
london_ont,43.07,-81.34,1993,1993-05-23,1.25
london_ont,43.07,-81.34,1993,1993-05-23,1.75
london_ont,43.07,-81.34,1994,1994-05-23,1.5
london_ont,43.07,-81.34,1994,1994-05-23,1.25
london_ont,43.07,-81.34,1994,1994-05-23,1.75
london_ont,43.07,-81.34,1995,1995-05-23,1.5
london_ont,43.07,-81.34,1995,1995-05-23,1.25
london_ont,43.07,-81.34,1995,1995-05-23,1.75
london_ont,43.07,-81.34,1996,1996-05-22,1.5
london_ont,43.07,-81.34,1996,1996-05-22,1.25
london_ont,43.07,-81.34,1996,1996-05-22,1.75
lucas_ia,40.9801,-93.4157,2024,2024-06-01,2.5
lucas_ia,40.9801,-93.4157,2024,2024-06-01,3.5
manhattan_ks,38.1326,-96.62,1993,1993-05-26,3.5
manhattan_ks,38.1326,-96.62,1993,1993-05-26,3.75
manhattan_ks,38.1326,-96.62,1993,1993-05-26,3.25
manhattan_ks,38.1326,-96.62,1993,1993-05-26,4.5
manhattan_ks,38.1326,-96.62,1993,1993-05-26,4.25
manhattan_ks,38.1326,-96.62,1993,1993-05-26,4.75
manhattan_ks,38.1326,-96.62,1995,1995-05-26,4.5
manhattan_ks,38.1326,-96.62,1995,1995-05-26,4.25
manhattan_ks,38.1326,-96.62,1995,1995-05-26,4.75
manhattan_ks,38.1326,-96.62,1996,1996-05-26,4.5
manhattan_ks,38.1326,-96.62,1996,1996-05-26,4.75
manhattan_ks,38.1326,-96.62,1996,1996-05-26,4.25
manhattan_ks,38.1326,-96.62,2001,2001-05-27,4.5
manhattan_ks,38.1326,-96.62,2001,2001-05-27,4.25
manhattan_ks,38.1326,-96.62,2006,2006-05-27,3.5
manhattan_ks,38.1326,-96.62,2006,2006-05-27,3.25
manhattan_ks,38.1326,-96.62,2006,2006-05-27,3.75
manhattan_ks,38.1326,-96.62,2010,2010-05-27,4.5
manhattan_ks,38.1326,-96.62,2010,2010-05-27,3.5
manhattan_ks,38.1326,-96.62,2010,2010-05-27,3.75
manhattan_ks,38.1326,-96.62,2010,2010-05-27,3.25
manhattan_ks,38.1326,-96.62,2012,2012-05-26,3.5
manhattan_ks,38.1326,-96.62,2012,2012-05-26,4.5
manhattan_ks,38.1326,-96.62,2012,2012-05-26,3.25
manhattan_ks,38.1326,-96.62,2014,2014-05-27,4.5
manhattan_ks,38.1326,-96.62,2014,2014-05-27,4.25
manhattan_ks,38.1326,-96.62,2015,2015-05-27,3.5
manhattan_ks,38.1326,-96.62,2015,2015-05-27,4.5
manhattan_ks,38.1326,-96.62,2015,2015-05-27,3.25
manhattan_ks,38.1326,-96.62,2015,2015-05-27,3.75
manhattan_ks,38.1326,-96.62,2015,2015-05-27,4.25
manhattan_ks,38.1326,-96.62,2020,2020-05-26,3.5
manhattan_ks,38.1326,-96.62,2020,2020-05-26,3.25
manhattan_ks,38.1326,-96.62,2020,2020-06-08,3.5
manhattan_ks,38.1326,-96.62,2020,2020-06-08,3.25
manhattan_ks,38.1326,-96.62,2020,2020-06-08,4.5
manhattan_ks,38.1326,-96.62,2020,2020-06-08,4.75
manhattan_ks,38.1326,-96.62,2021,2021-06-04,3.5
manhattan_ks,38.1326,-96.62,2021,2021-06-04,3.75
manhattan_ks,38.1326,-96.62,2021,2021-06-04,3.25
manhattan_ks,38.1326,-96.62,2021,2021-06-04,4.5
manhattan_ks,38.1326,-96.62,2021,2021-06-04,4.75
manhattan_ks,38.1326,-96.62,2021,2021-06-04,4.25
manhattan_ks,38.1326,-96.62,2022,2022-06-17,3.5
manhattan_ks,38.1326,-96.62,2022,2022-06-17,4.5
manhattan_ks,38.1326,-96.62,2023,2023-06-15,3.5
manhattan_ks,38.1326,-96.62,2023,2023-06-15,3.75
manhattan_ks,38.1326,-96.62,2023,2023-06-15,3.25
manhattan_ks,38.1326,-96.62,2023,2023-06-15,4.5
manhattan_ks,38.1326,-96.62,2023,2023-06-15,4.75
manhattan_ks,38.1326,-96.62,2023,2023-06-15,4.25
manhattan_ks,38.1326,-96.62,2024,2024-05-26,3.5
manhattan_ks,38.1326,-96.62,2024,2024-05-26,4.5
mason_oh,39.3563,-84.3034,2007,2007-05-26,4.5
mason_oh,39.3563,-84.3034,2007,2007-05-26,4.25
mead_ne,41.15785,-96.42075,1993,1993-05-25,2.5
mead_ne,41.15785,-96.42075,1993,1993-05-25,2.75
mead_ne,41.15785,-96.42075,1993,1993-05-25,2.25
mead_ne,41.15785,-96.42075,2013,2013-05-25,2.5
mead_ne,41.15785,-96.42075,2013,2013-05-25,2.25
mead_ne,41.15785,-96.42075,2013,2013-05-25,2.75
mead_ne,41.15785,-96.42075,2016,2016-05-24,1.5
mead_ne,41.15785,-96.42075,2016,2016-06-03,2.5
mead_ne,41.15785,-96.42075,2016,2016-06-03,1.75
mead_ne,41.15785,-96.42075,2016,2016-06-03,1.5
mead_ne,41.15785,-96.42075,2016,2016-06-03,1.25
mead_ne,41.15785,-96.42075,2016,2016-05-24,2.5
mead_ne,41.15785,-96.42075,2016,2016-05-24,2.25
mead_ne,41.15785,-96.42075,2016,2016-05-24,2.75
mead_ne,41.15785,-96.42075,2016,2016-06-03,2.25
mead_ne,41.15785,-96.42075,2016,2016-06-03,2.75
mead_ne,41.15785,-96.42075,2018,2018-05-17,1.5
mead_ne,41.15785,-96.42075,2018,2018-05-17,2.5
mead_ne,41.15785,-96.42075,2018,2018-05-17,1.75
mead_ne,41.15785,-96.42075,2018,2018-05-17,1.25
mead_ne,41.15785,-96.42075,2018,2018-05-17,2.25
mead_ne,41.15785,-96.42075,2018,2018-05-17,2.75
mead_ne,41.15785,-96.42075,2019,2019-05-16,2.5
mead_ne,41.15785,-96.42075,2019,2019-05-16,2.25
mead_ne,41.15785,-96.42075,2019,2019-05-16,2.75
mead_ne,41.15785,-96.42075,2020,2020-05-20,1.5
mead_ne,41.15785,-96.42075,2020,2020-05-20,1.75
mead_ne,41.15785,-96.42075,2020,2020-05-20,2.5
mead_ne,41.15785,-96.42075,2020,2020-05-20,2.25
mead_ne,41.15785,-96.42075,2020,2020-05-20,2.75
mead_ne,41.15785,-96.42075,2021,2021-05-14,1.5
mead_ne,41.15785,-96.42075,2021,2021-05-14,1.75
mead_ne,41.15785,-96.42075,2021,2021-05-14,2.5
mead_ne,41.15785,-96.42075,2021,2021-05-14,2.25
mead_ne,41.15785,-96.42075,2021,2021-05-14,2.75
mead_ne,41.15785,-96.42075,2022,2022-06-03,2.5
mead_ne,41.15785,-96.42075,2022,2022-06-03,1.5
mead_ne,41.15785,-96.42075,2022,2022-06-03,1.25
mead_ne,41.15785,-96.42075,2023,2023-05-16,2.5
mead_ne,41.15785,-96.42075,2023,2023-05-16,2.25
mead_ne,41.15785,-96.42075,2023,2023-05-16,2.75
mead_ne,41.15785,-96.42075,2023,2023-05-16,1.5
mead_ne,41.15785,-96.42075,2023,2023-05-16,1.75
mead_ne,41.15785,-96.42075,2024,2024-05-18,2.5
mead_ne,41.15785,-96.42075,2024,2024-05-18,1.5
midway_mo,38.985,-92.4494,2000,2000-05-26,4.5
monmouth_il,40.917,-90.649,2016,2016-05-06,2.5
monmouth_il,40.917,-90.649,2016,2016-05-06,2.25
monmouth_il,40.917,-90.649,2016,2016-05-06,2.75
monmouth_il,40.917,-90.649,2024,2024-05-16,2.5
moorhead_mn,47.0062,-96.802,1995,1995-05-20,-0.25
moorhead_mn,47.0062,-96.802,1995,1995-05-20,-0.5
moorhead_mn,47.0062,-96.802,1997,1997-05-20,-0.25
moorhead_mn,47.0062,-96.802,1997,1997-05-20,-0.5
moorhead_mn,47.0062,-96.802,1998,1998-05-20,-0.5
moorhead_mn,47.0062,-96.802,1998,1998-05-20,-0.25
moorhead_mn,47.0062,-96.802,2000,2000-05-19,-0.5
moorhead_mn,47.0062,-96.802,2000,2000-05-19,-0.75
moorhead_mn,47.0062,-96.802,2001,2001-05-20,-0.5
moorhead_mn,47.0062,-96.802,2001,2001-05-20,-0.75
moorhead_mn,47.0062,-96.802,2002,2002-05-20,-0.5
moorhead_mn,47.0062,-96.802,2002,2002-05-20,-0.75
moorhead_mn,47.0062,-96.802,2004,2004-05-19,-0.5
moorhead_mn,47.0062,-96.802,2004,2004-05-19,-0.75
moorhead_mn,47.0062,-96.802,2004,2004-05-19,-0.25
moorhead_mn,47.0062,-96.802,2005,2005-05-20,-0.25
moorhead_mn,47.0062,-96.802,2005,2005-05-20,-0.5
moorhead_mn,47.0062,-96.802,2006,2006-05-20,-0.75
moorhead_mn,47.0062,-96.802,2006,2006-05-20,-0.5
moorhead_mn,47.0062,-96.802,2006,2006-05-20,-0.25
moorhead_mn,47.0062,-96.802,2007,2007-05-20,-0.75
moorhead_mn,47.0062,-96.802,2007,2007-05-20,-0.5
moorhead_mn,47.0062,-96.802,2007,2007-05-20,-0.25
moorhead_mn,47.0062,-96.802,2008,2008-05-19,-0.5
moorhead_mn,47.0062,-96.802,2008,2008-05-19,-0.25
moorhead_mn,47.0062,-96.802,2009,2009-05-20,-0.5
moorhead_mn,47.0062,-96.802,2009,2009-05-20,-0.25
moorhead_mn,47.0062,-96.802,2010,2010-05-20,-0.5
moorhead_mn,47.0062,-96.802,2010,2010-05-20,-0.25
moorhead_mn,47.0062,-96.802,2011,2011-05-20,-0.5
moorhead_mn,47.0062,-96.802,2011,2011-05-20,-0.25
moorhead_mn,47.0062,-96.802,2012,2012-05-19,-0.5
moorhead_mn,47.0062,-96.802,2012,2012-05-19,-0.25
moorhead_mn,47.0062,-96.802,2013,2013-05-20,-0.5
moorhead_mn,47.0062,-96.802,2013,2013-05-20,-0.25
moorhead_mn,47.0062,-96.802,2014,2014-05-20,-0.5
moorhead_mn,47.0062,-96.802,2014,2014-05-20,-0.25
moorhead_mn,47.0062,-96.802,2015,2015-05-20,-0.5
moorhead_mn,47.0062,-96.802,2015,2015-05-20,-0.25
moorhead_mn,47.0062,-96.802,2015,2015-05-20,-0.75
moorhead_mn,47.0062,-96.802,2016,2016-05-13,-0.5
moorhead_mn,47.0062,-96.802,2016,2016-05-13,-0.25
moorhead_mn,47.0062,-96.802,2016,2016-05-13,-0.75
moorhead_mn,47.0062,-96.802,2017,2017-05-19,0.5
moorhead_mn,47.0062,-96.802,2017,2017-05-19,0.25
moorhead_mn,47.0062,-96.802,2017,2017-05-19,0.75
moorhead_mn,47.0062,-96.802,2020,2020-05-23,0.5
moorhead_mn,47.0062,-96.802,2020,2020-05-23,0.75
moorhead_mn,47.0062,-96.802,2021,2021-05-20,0.5
moorhead_mn,47.0062,-96.802,2021,2021-05-20,0.25
moorhead_mn,47.0062,-96.802,2021,2021-05-20,0.75
moorhead_mn,47.0062,-96.802,2022,2022-05-20,0.5
moorhead_mn,47.0062,-96.802,2022,2022-05-20,0.25
moorhead_mn,47.0062,-96.802,2022,2022-05-20,0.75
moorhead_mn,47.0062,-96.802,2023,2023-05-20,0.5
moorhead_mn,47.0062,-96.802,2023,2023-05-20,0.25
moorhead_mn,47.0062,-96.802,2023,2023-05-20,0.75
morden_man,49.18,-98.1,1999,1999-05-21,-0.5
morden_man,49.18,-98.1,1999,1999-05-21,-0.75
morden_man,49.18,-98.1,2000,2000-05-20,-0.5
morden_man,49.18,-98.1,2000,2000-05-20,-0.75
morris_mn,45.3552,-95.5436,1993,1993-05-21,0.25
morris_mn,45.3552,-95.5436,1993,1993-05-21,0.5
morris_mn,45.3552,-95.5436,1993,1993-05-21,0.75
morris_mn,45.3552,-95.5436,1995,1995-05-21,0.25
morris_mn,45.3552,-95.5436,1995,1995-05-21,0.5
morris_mn,45.3552,-95.5436,1995,1995-05-21,0.75
morris_mn,45.3552,-95.5436,1996,1996-05-20,0.25
morris_mn,45.3552,-95.5436,1996,1996-05-20,0.5
morris_mn,45.3552,-95.5436,1996,1996-05-20,0.75
morris_mn,45.3552,-95.5436,1997,1997-05-21,0.25
morris_mn,45.3552,-95.5436,1997,1997-05-21,0.5
morris_mn,45.3552,-95.5436,1997,1997-05-21,0.75
morris_mn,45.3552,-95.5436,1998,1998-05-21,0.5
morris_mn,45.3552,-95.5436,1998,1998-05-21,0.25
morris_mn,45.3552,-95.5436,1998,1998-05-21,0.75
morris_mn,45.3552,-95.5436,1999,1999-05-21,0.5
morris_mn,45.3552,-95.5436,1999,1999-05-21,0.75
morris_mn,45.3552,-95.5436,1999,1999-05-21,0.25
morris_mn,45.3552,-95.5436,2000,2000-05-20,0.5
morris_mn,45.3552,-95.5436,2000,2000-05-20,0.75
morris_mn,45.3552,-95.5436,2000,2000-05-20,0.25
morris_mn,45.3552,-95.5436,2001,2001-05-21,0.5
morris_mn,45.3552,-95.5436,2001,2001-05-21,0.75
morris_mn,45.3552,-95.5436,2001,2001-05-21,0.25
morris_mn,45.3552,-95.5436,2002,2002-05-21,0.5
morris_mn,45.3552,-95.5436,2002,2002-05-21,0.75
morris_mn,45.3552,-95.5436,2002,2002-05-21,0.25
morris_mn,45.3552,-95.5436,2003,2003-05-21,0.5
morris_mn,45.3552,-95.5436,2003,2003-05-21,0.75
morris_mn,45.3552,-95.5436,2003,2003-05-21,0.25
morris_mn,45.3552,-95.5436,2004,2004-05-20,0.5
morris_mn,45.3552,-95.5436,2004,2004-05-20,0.75
morris_mn,45.3552,-95.5436,2004,2004-05-20,0.25
morris_mn,45.3552,-95.5436,2005,2005-05-21,0.5
morris_mn,45.3552,-95.5436,2005,2005-05-21,0.75
morris_mn,45.3552,-95.5436,2005,2005-05-21,0.25
morris_mn,45.3552,-95.5436,2006,2006-05-21,0.5
morris_mn,45.3552,-95.5436,2006,2006-05-21,0.75
morris_mn,45.3552,-95.5436,2006,2006-05-21,0.25
morris_mn,45.3552,-95.5436,2007,2007-05-21,0.5
morris_mn,45.3552,-95.5436,2007,2007-05-21,0.75
morris_mn,45.3552,-95.5436,2007,2007-05-21,0.25
morris_mn,45.3552,-95.5436,2008,2008-05-20,0.5
morris_mn,45.3552,-95.5436,2008,2008-05-20,0.75
morris_mn,45.3552,-95.5436,2008,2008-05-20,0.25
morris_mn,45.3552,-95.5436,2009,2009-05-21,0.5
morris_mn,45.3552,-95.5436,2009,2009-05-21,0.75
morris_mn,45.3552,-95.5436,2009,2009-05-21,0.25
morris_mn,45.3552,-95.5436,2010,2010-05-21,0.5
morris_mn,45.3552,-95.5436,2010,2010-05-21,0.25
morris_mn,45.3552,-95.5436,2010,2010-05-21,0.75
morris_mn,45.3552,-95.5436,2011,2011-05-21,0.5
morris_mn,45.3552,-95.5436,2011,2011-05-21,0.25
morris_mn,45.3552,-95.5436,2011,2011-05-21,0.75
morris_mn,45.3552,-95.5436,2012,2012-05-20,0.5
morris_mn,45.3552,-95.5436,2012,2012-05-20,0.25
morris_mn,45.3552,-95.5436,2012,2012-05-20,0.75
morris_mn,45.3552,-95.5436,2013,2013-05-21,0.5
morris_mn,45.3552,-95.5436,2013,2013-05-21,0.25
morris_mn,45.3552,-95.5436,2013,2013-05-21,0.75
morris_mn,45.3552,-95.5436,2014,2014-05-21,0.5
morris_mn,45.3552,-95.5436,2014,2014-05-21,0.25
morris_mn,45.3552,-95.5436,2014,2014-05-21,0.75
morris_mn,45.3552,-95.5436,2015,2015-05-21,0.5
morris_mn,45.3552,-95.5436,2015,2015-05-21,0.25
morris_mn,45.3552,-95.5436,2015,2015-05-21,0.75
morris_mn,45.3552,-95.5436,2016,2016-05-10,0.5
morris_mn,45.3552,-95.5436,2016,2016-05-10,0.25
morris_mn,45.3552,-95.5436,2016,2016-05-10,0.75
morris_mn,45.3552,-95.5436,2017,2017-05-21,1.25
morris_mn,45.3552,-95.5436,2017,2017-05-21,1.5
morris_mn,45.3552,-95.5436,2017,2017-05-21,1.75
morris_mn,45.3552,-95.5436,2018,2018-05-13,1.5
morris_mn,45.3552,-95.5436,2018,2018-05-13,1.75
morris_mn,45.3552,-95.5436,2019,2019-05-30,1.5
morris_mn,45.3552,-95.5436,2019,2019-05-30,1.25
morris_mn,45.3552,-95.5436,2019,2019-05-30,1.75
morris_mn,45.3552,-95.5436,2022,2022-05-20,1.5
morris_mn,45.3552,-95.5436,2022,2022-05-20,1.25
mountorab_oh,39.0295,-83.9268,1993,1993-05-27,4.5
mountorab_oh,39.0295,-83.9268,1993,1993-05-27,4.25
mountorab_oh,39.0295,-83.9268,1993,1993-05-27,4.75
mountorab_oh,39.0295,-83.9268,1995,1995-05-27,4.5
mountorab_oh,39.0295,-83.9268,1995,1995-05-27,4.25
mountorab_oh,39.0295,-83.9268,1995,1995-05-27,4.75
mountorab_oh,39.0295,-83.9268,1996,1996-05-26,4.5
mountorab_oh,39.0295,-83.9268,1996,1996-05-26,4.75
mountorab_oh,39.0295,-83.9268,1996,1996-05-26,4.25
mountorab_oh,39.0295,-83.9268,1997,1997-05-27,4.5
mountorab_oh,39.0295,-83.9268,1997,1997-05-27,4.75
mountorab_oh,39.0295,-83.9268,1997,1997-05-27,4.25
mountorab_oh,39.0295,-83.9268,1999,1999-05-27,4.5
mountorab_oh,39.0295,-83.9268,1999,1999-05-27,4.75
mountorab_oh,39.0295,-83.9268,1999,1999-05-27,4.25
mountorab_oh,39.0295,-83.9268,2000,2000-05-26,4.5
mountorab_oh,39.0295,-83.9268,2000,2000-05-26,4.25
mountorab_oh,39.0295,-83.9268,2000,2000-05-26,4.75
mountorab_oh,39.0295,-83.9268,2001,2001-05-27,4.5
mountorab_oh,39.0295,-83.9268,2001,2001-05-27,4.25
mountorab_oh,39.0295,-83.9268,2002,2002-05-27,4.5
mountorab_oh,39.0295,-83.9268,2002,2002-05-27,4.25
neoga_il,39.323,-88.452,2016,2016-05-25,4.75
neoga_il,39.323,-88.452,2016,2016-05-25,4.5
neoga_il,39.323,-88.452,2016,2016-05-25,4.25
neoga_il,39.323,-88.452,2017,2017-05-30,4.5
neoga_il,39.323,-88.452,2017,2017-05-30,4.75
neoga_il,39.323,-88.452,2017,2017-05-30,4.25
neoga_il,39.323,-88.452,2018,2018-05-11,4.5
neoga_il,39.323,-88.452,2018,2018-05-11,4.75
neoga_il,39.323,-88.452,2018,2018-05-11,4.25
nepean_ont,45.3091,-75.7167,2003,2003-05-21,0.5
newton_il,38.9881,-88.1647,1997,1997-05-27,4.5
newton_il,38.9881,-88.1647,1997,1997-05-27,4.75
newton_il,38.9881,-88.1647,1997,1997-05-27,4.25
newton_il,38.9881,-88.1647,2000,2000-05-26,3.5
newton_il,38.9881,-88.1647,2000,2000-05-26,3.25
newton_il,38.9881,-88.1647,2000,2000-05-26,3.75
newton_il,38.9881,-88.1647,2000,2000-05-26,4.5
newton_il,38.9881,-88.1647,2000,2000-05-26,4.25
newton_il,38.9881,-88.1647,2000,2000-05-26,4.75
newton_il,38.9881,-88.1647,2001,2001-05-27,3.5
newton_il,38.9881,-88.1647,2001,2001-05-27,3.25
newton_il,38.9881,-88.1647,2001,2001-05-27,3.75
newton_il,38.9881,-88.1647,2002,2002-05-27,3.5
newton_il,38.9881,-88.1647,2002,2002-05-27,3.25
newton_il,38.9881,-88.1647,2002,2002-05-27,3.75
newton_il,38.9881,-88.1647,2002,2002-05-27,4.5
newton_il,38.9881,-88.1647,2002,2002-05-27,4.25
newton_il,38.9881,-88.1647,2003,2003-05-27,3.5
newton_il,38.9881,-88.1647,2003,2003-05-27,3.25
newton_il,38.9881,-88.1647,2003,2003-05-27,3.75
newton_il,38.9881,-88.1647,2003,2003-05-27,4.5
newton_il,38.9881,-88.1647,2003,2003-05-27,4.25
newton_il,38.9881,-88.1647,2005,2005-05-27,3.5
newton_il,38.9881,-88.1647,2005,2005-05-27,3.25
newton_il,38.9881,-88.1647,2005,2005-05-27,3.75
newton_il,38.9881,-88.1647,2005,2005-05-27,4.5
newton_il,38.9881,-88.1647,2005,2005-05-27,4.25
newton_il,38.9881,-88.1647,2006,2006-05-27,3.5
newton_il,38.9881,-88.1647,2006,2006-05-27,3.25
newton_il,38.9881,-88.1647,2006,2006-05-27,3.75
newton_il,38.9881,-88.1647,2006,2006-05-27,4.5
newton_il,38.9881,-88.1647,2006,2006-05-27,4.75
newton_il,38.9881,-88.1647,2006,2006-05-27,4.25
newton_il,38.9881,-88.1647,2007,2007-05-27,3.5
newton_il,38.9881,-88.1647,2007,2007-05-27,3.25
newton_il,38.9881,-88.1647,2007,2007-05-27,3.75
newton_il,38.9881,-88.1647,2007,2007-05-27,4.5
newton_il,38.9881,-88.1647,2007,2007-05-27,4.25
northbend_ne,41.4648,-96.783,2009,2009-05-25,3.5
northbend_ne,41.4648,-96.783,2009,2009-05-25,3.25
northbend_ne,41.4648,-96.783,2009,2009-05-25,3.75
northbend_ne,41.4648,-96.783,2010,2010-05-25,3.5
northbend_ne,41.4648,-96.783,2010,2010-05-25,3.25
northbend_ne,41.4648,-96.783,2010,2010-05-25,3.75
northwood_nd,47.7341,-97.5667,2005,2005-05-20,-0.25
northwood_nd,47.7341,-97.5667,2005,2005-05-20,-0.5
northwood_nd,47.7341,-97.5667,2009,2009-05-20,-0.5
northwood_nd,47.7341,-97.5667,2009,2009-05-20,-0.25
northwood_nd,47.7341,-97.5667,2010,2010-05-20,-0.5
northwood_nd,47.7341,-97.5667,2010,2010-05-20,-0.25
northwood_nd,47.7341,-97.5667,2011,2011-05-20,-0.5
northwood_nd,47.7341,-97.5667,2011,2011-05-20,-0.25
northwood_nd,47.7341,-97.5667,2012,2012-05-19,-0.5
northwood_nd,47.7341,-97.5667,2012,2012-05-19,-0.25
novelty_mo,39.9428,-92.0534,2003,2003-05-26,3.5
novelty_mo,39.9428,-92.0534,2014,2014-05-26,3.5
novelty_mo,39.9428,-92.0534,2014,2014-05-26,4.5
novelty_mo,39.9428,-92.0534,2014,2014-05-26,3.25
novelty_mo,39.9428,-92.0534,2014,2014-05-26,3.75
novelty_mo,39.9428,-92.0534,2014,2014-05-26,4.25
novelty_mo,39.9428,-92.0534,2017,2017-05-16,3.5
novelty_mo,39.9428,-92.0534,2017,2017-05-16,3.75
novelty_mo,39.9428,-92.0534,2017,2017-05-16,4.5
novelty_mo,39.9428,-92.0534,2017,2017-05-16,4.75
novelty_mo,39.9428,-92.0534,2017,2017-05-16,4.25
novelty_mo,39.9428,-92.0534,2023,2023-06-14,3.25
novelty_mo,39.9428,-92.0534,2023,2023-06-14,3.75
novelty_mo,39.9428,-92.0534,2023,2023-06-14,3.5
novelty_mo,39.9428,-92.0534,2023,2023-06-14,4.5
novelty_mo,39.9428,-92.0534,2023,2023-06-14,4.75
novelty_mo,39.9428,-92.0534,2023,2023-06-14,4.25
novelty_mo,39.9428,-92.0534,2024,2024-05-29,3.5
novelty_mo,39.9428,-92.0534,2024,2024-05-30,4.5
novelty_mo,39.9428,-92.0534,2024,2024-05-30,3.5
oelwein_ia,42.6714,-91.9132,2004,2004-05-23,1.5
ord_ne,41.5991,-98.9151,1995,1995-05-25,1.5
ord_ne,41.5991,-98.9151,1995,1995-05-25,1.25
ord_ne,41.5991,-98.9151,1995,1995-05-25,1.75
ottawa_ks,38.5404,-95.2477,2019,2019-06-03,3.5
ottawa_ks,38.5404,-95.2477,2019,2019-06-03,3.75
ottawa_ks,38.5404,-95.2477,2019,2019-06-03,3.25
ottawa_ks,38.5404,-95.2477,2019,2019-06-03,4.5
ottawa_ks,38.5404,-95.2477,2019,2019-06-03,4.75
ottawa_ks,38.5404,-95.2477,2019,2019-06-03,4.25
ottawa_ks,38.5404,-95.2477,2020,2020-05-20,4.5
ottawa_ks,38.5404,-95.2477,2020,2020-05-20,4.75
ottawa_ks,38.5404,-95.2477,2020,2020-05-20,4.25
ottawa_ks,38.5404,-95.2477,2021,2021-05-13,4.5
ottawa_ks,38.5404,-95.2477,2021,2021-05-13,4.75
ottawa_ks,38.5404,-95.2477,2021,2021-05-13,4.25
ottawa_ks,38.5404,-95.2477,2022,2022-06-16,4.5
ottawa_ks,38.5404,-95.2477,2023,2023-05-24,4.5
ottawa_ks,38.5404,-95.2477,2023,2023-05-24,4.75
ottawa_ks,38.5404,-95.2477,2023,2023-05-24,4.25
ottawa_ks,38.5404,-95.2477,2024,2024-05-28,4.5
ottawa_ont,45.3712,-75.72575,1993,1993-05-21,-0.5
ottawa_ont,45.3712,-75.72575,1993,1993-05-21,-0.25
ottawa_ont,45.3712,-75.72575,1994,1994-05-21,-0.5
ottawa_ont,45.3712,-75.72575,1994,1994-05-21,-0.25
ottawa_ont,45.3712,-75.72575,1995,1995-05-21,-0.25
ottawa_ont,45.3712,-75.72575,1995,1995-05-21,-0.5
ottawa_ont,45.3712,-75.72575,1997,1997-05-21,-0.25
ottawa_ont,45.3712,-75.72575,1997,1997-05-21,-0.5
ottawa_ont,45.3712,-75.72575,1998,1998-05-21,0.25
ottawa_ont,45.3712,-75.72575,1998,1998-05-21,0.5
ottawa_ont,45.3712,-75.72575,1998,1998-05-21,0.75
ottawa_ont,45.3712,-75.72575,1998,1998-05-21,-0.5
ottawa_ont,45.3712,-75.72575,1998,1998-05-21,-0.25
ottawa_ont,45.3712,-75.72575,1999,1999-05-21,0.5
ottawa_ont,45.3712,-75.72575,1999,1999-05-21,0.75
ottawa_ont,45.3712,-75.72575,1999,1999-05-21,0.25
ottawa_ont,45.3712,-75.72575,1999,1999-05-21,-0.5
ottawa_ont,45.3712,-75.72575,1999,1999-05-21,-0.75
ottawa_ont,45.3712,-75.72575,2000,2000-05-20,0.5
ottawa_ont,45.3712,-75.72575,2000,2000-05-20,0.75
ottawa_ont,45.3712,-75.72575,2000,2000-05-20,0.25
ottawa_ont,45.3712,-75.72575,2001,2001-05-21,0.5
ottawa_ont,45.3712,-75.72575,2003,2003-05-21,0.5
ottawa_ont,45.3712,-75.72575,2003,2003-05-21,0.75
ottawa_ont,45.3712,-75.72575,2003,2003-05-21,0.25
ottawa_ont,45.3712,-75.72575,2004,2004-05-20,0.5
ottawa_ont,45.3712,-75.72575,2004,2004-05-20,0.75
ottawa_ont,45.3712,-75.72575,2004,2004-05-20,0.25
ottawa_ont,45.3712,-75.72575,2005,2005-05-21,0.5
ottawa_ont,45.3712,-75.72575,2005,2005-05-21,0.75
ottawa_ont,45.3712,-75.72575,2005,2005-05-21,0.25
ottawa_ont,45.3712,-75.72575,2006,2006-05-21,0.5
ottawa_ont,45.3712,-75.72575,2006,2006-05-21,0.75
ottawa_ont,45.3712,-75.72575,2006,2006-05-21,0.25
ottawa_ont,45.3712,-75.72575,2007,2007-05-21,0.5
ottawa_ont,45.3712,-75.72575,2007,2007-05-21,0.75
ottawa_ont,45.3712,-75.72575,2007,2007-05-21,0.25
ottawa_ont,45.3712,-75.72575,2007,2007-05-21,-0.75
ottawa_ont,45.3712,-75.72575,2007,2007-05-21,-0.5
ottawa_ont,45.3712,-75.72575,2007,2007-05-21,-0.25
ottawa_ont,45.3712,-75.72575,2008,2008-05-20,0.5
ottawa_ont,45.3712,-75.72575,2008,2008-05-20,0.75
ottawa_ont,45.3712,-75.72575,2008,2008-05-20,0.25
ottawa_ont,45.3712,-75.72575,2008,2008-05-20,-0.5
ottawa_ont,45.3712,-75.72575,2008,2008-05-20,-0.25
ottawa_ont,45.3712,-75.72575,2009,2009-05-21,0.5
ottawa_ont,45.3712,-75.72575,2009,2009-05-21,0.75
ottawa_ont,45.3712,-75.72575,2009,2009-05-21,0.25
ottawa_ont,45.3712,-75.72575,2009,2009-05-21,-0.5
ottawa_ont,45.3712,-75.72575,2009,2009-05-21,-0.25
ottawa_ont,45.3712,-75.72575,2010,2010-05-21,0.5
ottawa_ont,45.3712,-75.72575,2010,2010-05-21,0.25
ottawa_ont,45.3712,-75.72575,2010,2010-05-21,0.75
ottawa_ont,45.3712,-75.72575,2010,2010-05-21,-0.5
ottawa_ont,45.3712,-75.72575,2010,2010-05-21,-0.25
ottawa_ont,45.3712,-75.72575,2011,2011-05-21,0.5
ottawa_ont,45.3712,-75.72575,2011,2011-05-21,0.25
ottawa_ont,45.3712,-75.72575,2011,2011-05-21,0.75
ottawa_ont,45.3712,-75.72575,2011,2011-05-21,-0.5
ottawa_ont,45.3712,-75.72575,2011,2011-05-21,-0.25
ottawa_ont,45.3712,-75.72575,2012,2012-05-20,0.5
ottawa_ont,45.3712,-75.72575,2012,2012-05-20,0.25
ottawa_ont,45.3712,-75.72575,2012,2012-05-20,0.75
ottawa_ont,45.3712,-75.72575,2012,2012-05-20,-0.5
ottawa_ont,45.3712,-75.72575,2012,2012-05-20,-0.25
ottawa_ont,45.3712,-75.72575,2013,2013-05-21,0.5
ottawa_ont,45.3712,-75.72575,2013,2013-05-21,0.25
ottawa_ont,45.3712,-75.72575,2013,2013-05-21,0.75
ottawa_ont,45.3712,-75.72575,2013,2013-05-21,-0.5
ottawa_ont,45.3712,-75.72575,2013,2013-05-21,-0.25
ottawa_ont,45.3712,-75.72575,2014,2014-05-21,0.5
ottawa_ont,45.3712,-75.72575,2014,2014-05-21,0.25
ottawa_ont,45.3712,-75.72575,2014,2014-05-21,0.75
ottawa_ont,45.3712,-75.72575,2014,2014-05-21,-0.5
ottawa_ont,45.3712,-75.72575,2014,2014-05-21,-0.25
ottawa_ont,45.3712,-75.72575,2015,2015-05-21,0.5
ottawa_ont,45.3712,-75.72575,2015,2015-05-21,0.25
ottawa_ont,45.3712,-75.72575,2015,2015-05-21,0.75
ottawa_ont,45.3712,-75.72575,2015,2015-05-21,-0.5
ottawa_ont,45.3712,-75.72575,2015,2015-05-21,-0.25
ottawa_ont,45.3712,-75.72575,2016,2016-05-26,0.5
ottawa_ont,45.3712,-75.72575,2016,2016-05-26,0.25
ottawa_ont,45.3712,-75.72575,2016,2016-05-26,0.75
ottawa_ont,45.3712,-75.72575,2016,2016-06-01,-0.5
ottawa_ont,45.3712,-75.72575,2016,2016-06-01,-0.25
ottawa_ont,45.3712,-75.72575,2017,2017-05-20,0.5
ottawa_ont,45.3712,-75.72575,2017,2017-05-20,0.25
ottawa_ont,45.3712,-75.72575,2017,2017-05-20,0.75
ottawa_ont,45.3712,-75.72575,2017,2017-05-18,-0.5
ottawa_ont,45.3712,-75.72575,2017,2017-05-18,-0.25
ottawa_ont,45.3712,-75.72575,2018,2018-05-18,0.5
ottawa_ont,45.3712,-75.72575,2018,2018-05-20,0.5
ottawa_ont,45.3712,-75.72575,2018,2018-05-20,0.25
ottawa_ont,45.3712,-75.72575,2018,2018-05-20,0.75
ottawa_ont,45.3712,-75.72575,2018,2018-05-18,-0.5
ottawa_ont,45.3712,-75.72575,2018,2018-05-18,-0.25
ottawa_ont,45.3712,-75.72575,2019,2019-05-22,0.5
ottawa_ont,45.3712,-75.72575,2019,2019-05-22,0.25
ottawa_ont,45.3712,-75.72575,2019,2019-05-22,-0.5
ottawa_ont,45.3712,-75.72575,2019,2019-05-22,-0.25
ottawa_ont,45.3712,-75.72575,2022,2022-05-30,0.5
ottawa_ont,45.3712,-75.72575,2022,2022-05-30,0.25
ottawa_ont,45.3712,-75.72575,2022,2022-05-30,0.75
ottawa_ont,45.3712,-75.72575,2022,2022-06-06,-0.5
ottawa_ont,45.3712,-75.72575,2023,2023-05-15,0.5
ottawa_ont,45.3712,-75.72575,2023,2023-05-15,0.25
ottawa_ont,45.3712,-75.72575,2023,2023-05-15,0.75
ottawa_ont,45.3712,-75.72575,2023,2023-05-19,-0.5
ottawa_ont,45.3712,-75.72575,2024,2024-06-01,0.5
ottawa_ont,45.3712,-75.72575,2024,2024-06-02,-0.5
palmyra_ne,40.7056,-96.3923,2019,2019-05-25,1.5
palmyra_ne,40.7056,-96.3923,2019,2019-05-25,1.25
palmyra_ont,42.4581,-81.7291,2008,2008-05-23,1.5
palmyra_ont,42.4581,-81.7291,2009,2009-05-24,1.5
palmyra_ont,42.4581,-81.7291,2010,2010-05-24,1.5
palmyra_ont,42.4581,-81.7291,2019,2019-06-19,1.5
palmyra_ont,42.4581,-81.7291,2019,2019-06-19,1.25
palmyra_ont,42.4581,-81.7291,2020,2020-05-22,1.5
palmyra_ont,42.4581,-81.7291,2020,2020-05-22,1.75
palmyra_ont,42.4581,-81.7291,2022,2022-05-25,1.5
palmyra_ont,42.4581,-81.7291,2022,2022-05-25,1.25
palmyra_ont,42.4581,-81.7291,2023,2023-05-23,1.5
palmyra_ont,42.4581,-81.7291,2023,2023-05-23,1.75
perley_mn,47.0703,-96.6906,2024,2024-06-14,0.5
perry_il,39.804,-90.8216,2024,2024-05-25,3.5
phillips_ne,40.8473,-98.177,2009,2009-05-25,1.5
phillips_ne,40.8473,-98.177,2009,2009-05-25,2.5
phillips_ne,40.8473,-98.177,2009,2009-05-25,1.75
phillips_ne,40.8473,-98.177,2009,2009-05-25,1.25
phillips_ne,40.8473,-98.177,2009,2009-05-25,2.25
phillips_ne,40.8473,-98.177,2009,2009-05-25,2.75
phillips_ne,40.8473,-98.177,2010,2010-05-25,1.5
phillips_ne,40.8473,-98.177,2010,2010-05-25,2.5
phillips_ne,40.8473,-98.177,2010,2010-05-25,1.75
phillips_ne,40.8473,-98.177,2010,2010-05-25,1.25
phillips_ne,40.8473,-98.177,2010,2010-05-25,2.25
phillips_ne,40.8473,-98.177,2010,2010-05-25,2.75
phillips_ne,40.8473,-98.177,2012,2012-05-24,2.5
phillips_ne,40.8473,-98.177,2012,2012-05-24,3.5
phillips_ne,40.8473,-98.177,2012,2012-05-24,2.25
phillips_ne,40.8473,-98.177,2012,2012-05-24,2.75
phillips_ne,40.8473,-98.177,2012,2012-05-24,3.25
phillips_ne,40.8473,-98.177,2012,2012-05-24,3.75
phillips_ne,40.8473,-98.177,2012,2012-05-24,1.25
phillips_ne,40.8473,-98.177,2012,2012-05-24,1.5
phillips_ne,40.8473,-98.177,2012,2012-05-24,1.75
phillips_ne,40.8473,-98.177,2013,2013-05-25,2.5
phillips_ne,40.8473,-98.177,2013,2013-05-25,2.25
phillips_ne,40.8473,-98.177,2013,2013-05-25,2.75
phillips_ne,40.8473,-98.177,2014,2014-05-25,1.5
phillips_ne,40.8473,-98.177,2014,2014-05-25,2.5
phillips_ne,40.8473,-98.177,2014,2014-05-25,1.75
phillips_ne,40.8473,-98.177,2014,2014-05-25,1.25
phillips_ne,40.8473,-98.177,2014,2014-05-25,2.25
phillips_ne,40.8473,-98.177,2014,2014-05-25,2.75
phillips_ne,40.8473,-98.177,2017,2017-05-25,1.5
phillips_ne,40.8473,-98.177,2018,2018-05-24,3.5
phillips_ne,40.8473,-98.177,2018,2018-05-24,3.75
phillips_ne,40.8473,-98.177,2018,2018-05-24,3.25
phillips_ne,40.8473,-98.177,2019,2019-05-18,1.5
phillips_ne,40.8473,-98.177,2019,2019-05-18,1.25
phillips_ne,40.8473,-98.177,2019,2019-05-18,3.5
phillips_ne,40.8473,-98.177,2019,2019-05-18,3.75
phillips_ne,40.8473,-98.177,2019,2019-05-18,3.25
phillips_ne,40.8473,-98.177,2019,2019-05-18,2.5
phillips_ne,40.8473,-98.177,2019,2019-05-18,2.25
phillips_ne,40.8473,-98.177,2019,2019-05-18,2.75
phillips_ne,40.8473,-98.177,2021,2021-05-25,1.5
phillips_ne,40.8473,-98.177,2021,2021-05-25,1.75
phillips_ne,40.8473,-98.177,2021,2021-05-25,2.5
phillips_ne,40.8473,-98.177,2021,2021-05-25,2.25
phillips_ne,40.8473,-98.177,2021,2021-05-25,2.75
phillips_ne,40.8473,-98.177,2021,2021-05-21,3.75
phillips_ne,40.8473,-98.177,2021,2021-05-21,3.5
phillips_ne,40.8473,-98.177,2021,2021-05-21,3.25
phillips_ne,40.8473,-98.177,2022,2022-05-31,2.5
phillips_ne,40.8473,-98.177,2022,2022-05-31,3.5
phillips_ne,40.8473,-98.177,2022,2022-05-31,1.5
phillips_ne,40.8473,-98.177,2022,2022-05-31,1.25
phillips_ne,40.8473,-98.177,2023,2023-05-23,2.5
phillips_ne,40.8473,-98.177,2023,2023-05-23,2.25
phillips_ne,40.8473,-98.177,2023,2023-05-23,2.75
phillips_ne,40.8473,-98.177,2023,2023-05-25,3.5
phillips_ne,40.8473,-98.177,2023,2023-05-25,3.75
phillips_ne,40.8473,-98.177,2023,2023-05-25,3.25
phillips_ne,40.8473,-98.177,2023,2023-05-23,1.5
phillips_ne,40.8473,-98.177,2023,2023-05-23,1.75
plymouth_ne,40.3023,-96.9886,2002,2002-05-26,3.5
plymouth_ne,40.3023,-96.9886,2002,2002-05-26,3.25
plymouth_ne,40.3023,-96.9886,2002,2002-05-26,3.75
pocahontas_ia,42.7371,-94.6661,1997,1997-05-24,1.5
pomeroy_ia,42.5519,-94.6778,1993,1993-05-24,1.5
pomeroy_ia,42.5519,-94.6778,1993,1993-05-24,1.25
pomeroy_ia,42.5519,-94.6778,1993,1993-05-24,1.75
pontiac_il,40.82216667,-88.62016667,2017,2017-05-17,2.5
pontiac_il,40.82216667,-88.62016667,2017,2017-05-17,2.25
pontiac_il,40.82216667,-88.62016667,2017,2017-05-17,2.75
pontiac_il,40.82216667,-88.62016667,2018,2018-05-08,2.5
pontiac_il,40.82216667,-88.62016667,2018,2018-05-08,2.25
pontiac_il,40.82216667,-88.62016667,2018,2018-05-08,2.75
pontiac_il,40.82216667,-88.62016667,2019,2019-06-07,2.5
pontiac_il,40.82216667,-88.62016667,2020,2020-06-03,2.5
pontiac_il,40.82216667,-88.62016667,2020,2020-06-03,2.25
pontiac_il,40.82216667,-88.62016667,2020,2020-06-03,2.75
pontiac_il,40.82216667,-88.62016667,2021,2021-05-05,2.25
pontiac_il,40.82216667,-88.62016667,2021,2021-05-05,2.5
pontiac_il,40.82216667,-88.62016667,2021,2021-05-05,2.75
portageville_mo,36.4295,-89.6994,1994,1994-05-25,4.5
portageville_mo,36.4295,-89.6994,1994,1994-05-25,4.25
portageville_mo,36.4295,-89.6994,1994,1994-05-25,4.75
portagevilleclay_mo,36.3987,-88.6051,2010,2010-05-25,4.5
portagevilleclay_mo,36.3987,-88.6051,2012,2012-05-24,4.5
portagevilleclay_mo,36.3987,-88.6051,2012,2012-05-24,3.5
portagevilleclay_mo,36.3987,-88.6051,2012,2012-05-24,3.25
portagevilleclay_mo,36.3987,-88.6051,2012,2012-05-24,3.75
portagevilleclay_mo,36.3987,-88.6051,2014,2014-05-25,4.5
portagevilleclay_mo,36.3987,-88.6051,2014,2014-05-25,3.5
portagevilleclay_mo,36.3987,-88.6051,2014,2014-05-25,3.25
portagevilleclay_mo,36.3987,-88.6051,2014,2014-05-25,3.75
portagevilleclay_mo,36.3987,-88.6051,2015,2015-05-25,4.5
portagevilleclay_mo,36.3987,-88.6051,2015,2015-05-25,3.5
portagevilleclay_mo,36.3987,-88.6051,2015,2015-05-25,3.25
portagevilleclay_mo,36.3987,-88.6051,2015,2015-05-25,3.75
portagevilleclay_mo,36.3987,-88.6051,2015,2015-05-25,4.25
portagevilleclay_mo,36.3987,-88.6051,2015,2015-05-25,4.75
portagevilleclay_mo,36.3987,-88.6051,2019,2019-05-16,4.75
portagevilleclay_mo,36.3987,-88.6051,2019,2019-05-16,4.5
portagevilleclay_mo,36.3987,-88.6051,2020,2020-06-12,4.5
portagevilleclay_mo,36.3987,-88.6051,2021,2021-05-15,4.25
portagevilleclay_mo,36.3987,-88.6051,2021,2021-05-15,4.5
portagevilleclay_mo,36.3987,-88.6051,2022,2022-06-01,4.5
portagevilleloam_mo,36.39516667,-89.6102,2003,2003-05-25,4.5
portagevilleloam_mo,36.39516667,-89.6102,2004,2004-05-24,4.5
portagevilleloam_mo,36.39516667,-89.6102,2004,2004-05-24,4.75
portagevilleloam_mo,36.39516667,-89.6102,2004,2004-05-24,4.25
portagevilleloam_mo,36.39516667,-89.6102,2005,2005-05-25,4.5
portagevilleloam_mo,36.39516667,-89.6102,2005,2005-05-25,3.5
portagevilleloam_mo,36.39516667,-89.6102,2005,2005-05-25,3.25
portagevilleloam_mo,36.39516667,-89.6102,2005,2005-05-25,3.75
portagevilleloam_mo,36.39516667,-89.6102,2005,2005-05-25,4.25
portagevilleloam_mo,36.39516667,-89.6102,2005,2005-05-25,4.75
portagevilleloam_mo,36.39516667,-89.6102,2006,2006-05-25,4.5
portagevilleloam_mo,36.39516667,-89.6102,2006,2006-05-25,4.75
portagevilleloam_mo,36.39516667,-89.6102,2006,2006-05-25,4.25
portagevilleloam_mo,36.39516667,-89.6102,2007,2007-05-25,3.5
portagevilleloam_mo,36.39516667,-89.6102,2007,2007-05-25,3.25
portagevilleloam_mo,36.39516667,-89.6102,2007,2007-05-25,3.75
portagevilleloam_mo,36.39516667,-89.6102,2007,2007-05-25,4.5
portagevilleloam_mo,36.39516667,-89.6102,2007,2007-05-25,4.25
portagevilleloam_mo,36.39516667,-89.6102,2007,2007-05-25,4.75
portagevilleloam_mo,36.39516667,-89.6102,2008,2008-05-24,3.5
portagevilleloam_mo,36.39516667,-89.6102,2008,2008-05-24,3.25
portagevilleloam_mo,36.39516667,-89.6102,2008,2008-05-24,3.75
portagevilleloam_mo,36.39516667,-89.6102,2008,2008-05-24,4.5
portagevilleloam_mo,36.39516667,-89.6102,2008,2008-05-24,4.25
portagevilleloam_mo,36.39516667,-89.6102,2008,2008-05-24,4.75
portagevilleloam_mo,36.39516667,-89.6102,2009,2009-05-25,4.5
portagevilleloam_mo,36.39516667,-89.6102,2009,2009-05-25,3.5
portagevilleloam_mo,36.39516667,-89.6102,2009,2009-05-25,3.25
portagevilleloam_mo,36.39516667,-89.6102,2009,2009-05-25,3.75
portagevilleloam_mo,36.39516667,-89.6102,2009,2009-05-25,4.25
portagevilleloam_mo,36.39516667,-89.6102,2010,2010-05-25,3.5
portagevilleloam_mo,36.39516667,-89.6102,2010,2010-05-25,3.25
portagevilleloam_mo,36.39516667,-89.6102,2010,2010-05-25,3.75
portagevilleloam_mo,36.39516667,-89.6102,2010,2010-05-25,4.25
portagevilleloam_mo,36.39516667,-89.6102,2010,2010-05-25,4.5
portagevilleloam_mo,36.39516667,-89.6102,2012,2012-05-24,3.5
portagevilleloam_mo,36.39516667,-89.6102,2012,2012-05-24,3.75
portagevilleloam_mo,36.39516667,-89.6102,2012,2012-05-24,3.25
portagevilleloam_mo,36.39516667,-89.6102,2012,2012-05-24,4.5
portagevilleloam_mo,36.39516667,-89.6102,2018,2018-05-01,4.5
portagevilleloam_mo,36.39516667,-89.6102,2018,2018-05-01,4.75
portagevilleloam_mo,36.39516667,-89.6102,2019,2019-05-14,4.75
portagevilleloam_mo,36.39516667,-89.6102,2019,2019-05-14,4.5
portagevilleloam_mo,36.39516667,-89.6102,2020,2020-05-27,4.5
portagevilleloam_mo,36.39516667,-89.6102,2020,2020-05-27,4.75
portagevilleloam_mo,36.39516667,-89.6102,2020,2020-05-27,4.25
portagevilleloam_mo,36.39516667,-89.6102,2021,2021-05-20,4.5
portagevilleloam_mo,36.39516667,-89.6102,2021,2021-05-20,4.75
portagevilleloam_mo,36.39516667,-89.6102,2021,2021-05-20,4.25
portagevilleloam_mo,36.39516667,-89.6102,2022,2022-05-10,4.5
portagevilleloam_mo,36.39516667,-89.6102,2022,2022-05-10,4.75
portagevilleloam_mo,36.39516667,-89.6102,2023,2023-05-30,4.5
portagevilleloam_mo,36.39516667,-89.6102,2023,2023-05-30,4.75
portagevilleloam_mo,36.39516667,-89.6102,2023,2023-05-30,4.25
queenstown_md,38.9863,-76.1693,1995,1995-05-27,4.5
queenstown_md,38.9863,-76.1693,1995,1995-05-27,4.25
queenstown_md,38.9863,-76.1693,1995,1995-05-27,4.75
queenstown_md,38.9863,-76.1693,2004,2004-05-26,4.5
queenstown_md,38.9863,-76.1693,2004,2004-05-26,4.25
queenstown_md,38.9863,-76.1693,2004,2004-05-26,4.75
queenstown_md,38.9863,-76.1693,2005,2005-05-27,4.5
queenstown_md,38.9863,-76.1693,2005,2005-05-27,4.75
queenstown_md,38.9863,-76.1693,2005,2005-05-27,4.25
queenstown_md,38.9863,-76.1693,2009,2009-05-27,4.5
queenstown_md,38.9863,-76.1693,2009,2009-05-27,3.5
queenstown_md,38.9863,-76.1693,2009,2009-05-27,3.25
queenstown_md,38.9863,-76.1693,2009,2009-05-27,3.75
queenstown_md,38.9863,-76.1693,2009,2009-05-27,4.25
ridgetown_ont,42.4527,-81.8803,2011,2011-05-24,1.5
ridgetown_ont,42.4527,-81.8803,2011,2011-05-24,1.75
ridgetown_ont,42.4527,-81.8803,2011,2011-05-24,1.25
ridgetown_ont,42.4527,-81.8803,2012,2012-05-23,1.5
ridgetown_ont,42.4527,-81.8803,2012,2012-05-23,1.75
ridgetown_ont,42.4527,-81.8803,2012,2012-05-23,1.25
ridgetown_ont,42.4527,-81.8803,2014,2014-05-24,1.5
ridgetown_ont,42.4527,-81.8803,2014,2014-05-24,1.75
ridgetown_ont,42.4527,-81.8803,2014,2014-05-24,1.25
ridgetown_ont,42.4527,-81.8803,2015,2015-05-23,1.5
ridgetown_ont,42.4527,-81.8803,2015,2015-05-23,1.75
ridgetown_ont,42.4527,-81.8803,2015,2015-05-23,1.25
ridgetown_ont,42.4527,-81.8803,2016,2016-05-22,1.5
ridgetown_ont,42.4527,-81.8803,2016,2016-05-27,1.75
ridgetown_ont,42.4527,-81.8803,2016,2016-05-27,1.5
ridgetown_ont,42.4527,-81.8803,2016,2016-05-27,1.25
ridgetown_ont,42.4527,-81.8803,2017,2017-05-23,1.5
ridgetown_ont,42.4527,-81.8803,2017,2017-06-06,1.75
ridgetown_ont,42.4527,-81.8803,2017,2017-06-06,1.5
ridgetown_ont,42.4527,-81.8803,2017,2017-06-06,1.25
ridgetown_ont,42.4527,-81.8803,2021,2021-05-31,1.5
ridgetown_ont,42.4527,-81.8803,2021,2021-05-31,1.75
ridgetown_ont,42.4527,-81.8803,2023,2023-05-15,2.5
ridgetown_ont,42.4527,-81.8803,2023,2023-05-15,2.25
ridgetown_ont,42.4527,-81.8803,2023,2023-05-15,2.75
ridgway_il,37.7978,-88.2603,1997,1997-05-26,3.5
ridgway_il,37.7978,-88.2603,1997,1997-05-26,3.25
ridgway_il,37.7978,-88.2603,1997,1997-05-26,3.75
ridgway_il,37.7978,-88.2603,1998,1998-05-26,4.5
ridgway_il,37.7978,-88.2603,1998,1998-05-26,4.75
ridgway_il,37.7978,-88.2603,1998,1998-05-26,4.25
ridgway_il,37.7978,-88.2603,1999,1999-05-26,3.5
ridgway_il,37.7978,-88.2603,1999,1999-05-26,3.25
ridgway_il,37.7978,-88.2603,1999,1999-05-26,3.75
rippey_ia,41.9342,-94.2008,2000,2000-05-23,2.5
rippey_ia,41.9342,-94.2008,2006,2006-05-24,2.5
rippey_ia,41.9342,-94.2008,2006,2006-05-24,2.75
rippey_ia,41.9342,-94.2008,2007,2007-05-24,2.5
rippey_ia,41.9342,-94.2008,2007,2007-05-24,2.25
rippey_ia,41.9342,-94.2008,2007,2007-05-24,2.75
rippey_ia,41.9342,-94.2008,2008,2008-05-23,2.5
rippey_ia,41.9342,-94.2008,2008,2008-05-23,2.25
rippey_ia,41.9342,-94.2008,2008,2008-05-23,2.75
rippey_ia,41.9342,-94.2008,2009,2009-05-24,2.5
rippey_ia,41.9342,-94.2008,2009,2009-05-24,2.25
rippey_ia,41.9342,-94.2008,2009,2009-05-24,2.75
rippey_ia,41.9342,-94.2008,2010,2010-05-24,2.5
rippey_ia,41.9342,-94.2008,2010,2010-05-24,2.25
rippey_ia,41.9342,-94.2008,2010,2010-05-24,2.75
rockport_mo,40.273,-95.4743,2018,2018-05-22,3.5
rockport_mo,40.273,-95.4743,2018,2018-05-22,4.5
rockport_mo,40.273,-95.4743,2018,2018-05-22,3.75
rockport_mo,40.273,-95.4743,2018,2018-05-22,3.25
rockport_mo,40.273,-95.4743,2018,2018-05-23,3.5
rockport_mo,40.273,-95.4743,2018,2018-05-23,3.75
rockport_mo,40.273,-95.4743,2018,2018-05-23,3.25
rockport_mo,40.273,-95.4743,2018,2018-05-22,4.75
rockport_mo,40.273,-95.4743,2018,2018-05-22,4.25
rockport_mo,40.273,-95.4743,2018,2018-05-23,4.5
rockport_mo,40.273,-95.4743,2018,2018-05-23,4.75
rockport_mo,40.273,-95.4743,2021,2021-06-03,3.75
rockport_mo,40.273,-95.4743,2021,2021-06-03,3.5
rockport_mo,40.273,-95.4743,2021,2021-06-03,3.25
rockport_mo,40.273,-95.4743,2023,2023-06-03,3.5
rockport_mo,40.273,-95.4743,2023,2023-06-03,3.75
rockport_mo,40.273,-95.4743,2023,2023-06-03,3.25
rockport_mo,40.273,-95.4743,2023,2023-06-03,4.5
rockport_mo,40.273,-95.4743,2023,2023-06-03,4.75
rockport_mo,40.273,-95.4743,2023,2023-06-03,4.25
rockport_mo,40.273,-95.4743,2024,2024-06-11,3.5
rockport_mo,40.273,-95.4743,2024,2024-06-12,3.5
rockport_mo,40.273,-95.4743,2024,2024-06-12,4.5
romney_in,40.2364,-86.8889,2019,2019-06-08,3.5
romney_in,40.2364,-86.8889,2019,2019-06-08,3.75
romney_in,40.2364,-86.8889,2019,2019-06-08,3.25
romney_in,40.2364,-86.8889,2019,2019-06-08,4.5
romney_in,40.2364,-86.8889,2019,2019-06-08,4.75
romney_in,40.2364,-86.8889,2019,2019-06-08,4.25
romney_in,40.2364,-86.8889,2020,2020-05-27,3.5
romney_in,40.2364,-86.8889,2020,2020-05-27,4.5
roseau_mn,48.1623,-96.0419,2017,2017-05-12,-0.75
roseau_mn,48.1623,-96.0419,2017,2017-05-12,-0.5
roseau_mn,48.1623,-96.0419,2017,2017-05-12,-0.25
roseau_mn,48.1623,-96.0419,2018,2018-05-21,-0.5
roseau_mn,48.1623,-96.0419,2018,2018-05-21,-0.25
roseau_mn,48.1623,-96.0419,2019,2019-05-18,-0.5
roseau_mn,48.1623,-96.0419,2021,2021-05-29,-0.5
roseau_mn,48.1623,-96.0419,2022,2022-05-27,-0.5
roseau_mn,48.1623,-96.0419,2022,2022-05-27,-0.25
roseau_mn,48.1623,-96.0419,2023,2023-05-24,-0.5
roseau_mn,48.1623,-96.0419,2023,2023-05-21,-0.25
roseau_mn,48.1623,-96.0419,2023,2023-05-21,-0.5
roseau_mn,48.1623,-96.0419,2024,2024-05-15,-0.5
rosemount_mn,44.707,-93.101,1993,1993-05-21,0.25
rosemount_mn,44.707,-93.101,1993,1993-05-21,0.5
rosemount_mn,44.707,-93.101,1993,1993-05-21,0.75
rosemount_mn,44.707,-93.101,1995,1995-05-21,0.25
rosemount_mn,44.707,-93.101,1995,1995-05-21,0.5
rosemount_mn,44.707,-93.101,1995,1995-05-21,0.75
rosemount_mn,44.707,-93.101,1996,1996-05-20,0.25
rosemount_mn,44.707,-93.101,1996,1996-05-20,0.5
rosemount_mn,44.707,-93.101,1996,1996-05-20,0.75
rosemount_mn,44.707,-93.101,1997,1997-05-21,0.25
rosemount_mn,44.707,-93.101,1997,1997-05-21,0.5
rosemount_mn,44.707,-93.101,1997,1997-05-21,0.75
rosemount_mn,44.707,-93.101,1998,1998-05-21,0.5
rosemount_mn,44.707,-93.101,1998,1998-05-21,0.25
rosemount_mn,44.707,-93.101,1998,1998-05-21,0.75
rosemount_mn,44.707,-93.101,1999,1999-05-21,0.5
rosemount_mn,44.707,-93.101,1999,1999-05-21,0.75
rosemount_mn,44.707,-93.101,1999,1999-05-21,0.25
rosemount_mn,44.707,-93.101,2000,2000-05-20,0.5
rosemount_mn,44.707,-93.101,2000,2000-05-20,0.75
rosemount_mn,44.707,-93.101,2000,2000-05-20,0.25
rosemount_mn,44.707,-93.101,2001,2001-05-21,0.5
rosemount_mn,44.707,-93.101,2001,2001-05-21,0.75
rosemount_mn,44.707,-93.101,2001,2001-05-21,0.25
rosemount_mn,44.707,-93.101,2002,2002-05-21,0.5
rosemount_mn,44.707,-93.101,2002,2002-05-21,0.75
rosemount_mn,44.707,-93.101,2002,2002-05-21,0.25
rosemount_mn,44.707,-93.101,2003,2003-05-21,0.5
rosemount_mn,44.707,-93.101,2003,2003-05-21,0.75
rosemount_mn,44.707,-93.101,2003,2003-05-21,0.25
rosemount_mn,44.707,-93.101,2004,2004-05-20,0.5
rosemount_mn,44.707,-93.101,2004,2004-05-20,0.75
rosemount_mn,44.707,-93.101,2004,2004-05-20,0.25
rosemount_mn,44.707,-93.101,2005,2005-05-21,0.5
rosemount_mn,44.707,-93.101,2005,2005-05-21,0.75
rosemount_mn,44.707,-93.101,2005,2005-05-21,0.25
rosemount_mn,44.707,-93.101,2006,2006-05-21,0.5
rosemount_mn,44.707,-93.101,2006,2006-05-21,0.75
rosemount_mn,44.707,-93.101,2006,2006-05-21,0.25
rosemount_mn,44.707,-93.101,2007,2007-05-21,0.5
rosemount_mn,44.707,-93.101,2007,2007-05-21,0.75
rosemount_mn,44.707,-93.101,2007,2007-05-21,0.25
rosemount_mn,44.707,-93.101,2008,2008-05-20,0.5
rosemount_mn,44.707,-93.101,2008,2008-05-20,0.75
rosemount_mn,44.707,-93.101,2008,2008-05-20,0.25
rosemount_mn,44.707,-93.101,2009,2009-05-21,0.5
rosemount_mn,44.707,-93.101,2009,2009-05-21,0.75
rosemount_mn,44.707,-93.101,2009,2009-05-21,0.25
rosemount_mn,44.707,-93.101,2010,2010-05-21,0.5
rosemount_mn,44.707,-93.101,2010,2010-05-21,0.25
rosemount_mn,44.707,-93.101,2010,2010-05-21,0.75
rosemount_mn,44.707,-93.101,2012,2012-05-20,0.5
rosemount_mn,44.707,-93.101,2012,2012-05-20,0.25
rosemount_mn,44.707,-93.101,2012,2012-05-20,0.75
rosemount_mn,44.707,-93.101,2013,2013-05-21,0.5
rosemount_mn,44.707,-93.101,2013,2013-05-21,0.25
rosemount_mn,44.707,-93.101,2013,2013-05-21,0.75
rosemount_mn,44.707,-93.101,2014,2014-05-21,0.5
rosemount_mn,44.707,-93.101,2014,2014-05-21,0.25
rosemount_mn,44.707,-93.101,2014,2014-05-21,0.75
rosemount_mn,44.707,-93.101,2015,2015-05-21,0.5
rosemount_mn,44.707,-93.101,2015,2015-05-21,0.25
rosemount_mn,44.707,-93.101,2015,2015-05-21,0.75
rosemount_mn,44.707,-93.101,2016,2016-06-02,0.5
rosemount_mn,44.707,-93.101,2016,2016-06-02,0.25
rosemount_mn,44.707,-93.101,2016,2016-06-02,0.75
rosemount_mn,44.707,-93.101,2016,2016-05-31,0.25
rosemount_mn,44.707,-93.101,2016,2016-05-31,0.5
rosemount_mn,44.707,-93.101,2016,2016-05-31,0.75
rosemount_mn,44.707,-93.101,2017,2017-05-21,1.5
rosemount_mn,44.707,-93.101,2017,2017-05-10,1.75
rosemount_mn,44.707,-93.101,2017,2017-05-10,1.5
rosemount_mn,44.707,-93.101,2017,2017-05-10,1.25
rosemount_mn,44.707,-93.101,2018,2018-05-19,1.5
rosemount_mn,44.707,-93.101,2018,2018-05-19,1.75
rosemount_mn,44.707,-93.101,2018,2018-05-19,1.25
rosemount_mn,44.707,-93.101,2019,2019-05-26,1.5
rosemount_mn,44.707,-93.101,2019,2019-05-26,1.25
rosemount_mn,44.707,-93.101,2020,2020-05-29,1.5
rosemount_mn,44.707,-93.101,2020,2020-05-29,1.75
rosemount_mn,44.707,-93.101,2021,2021-05-19,1.5
rosemount_mn,44.707,-93.101,2021,2021-05-19,1.75
rosemount_mn,44.707,-93.101,2021,2021-05-19,1.25
rosemount_mn,44.707,-93.101,2023,2023-05-04,1.5
rosemount_mn,44.707,-93.101,2023,2023-05-04,1.75
rosemount_mn,44.707,-93.101,2023,2023-05-04,1.25
rosemount_mn,44.707,-93.101,2024,2024-05-08,1.5
saginaw_mi,43.4003,-83.8684,1999,1999-05-23,1.5
saginaw_mi,43.4003,-83.8684,1999,1999-05-23,1.75
saginaw_mi,43.4003,-83.8684,1999,1999-05-23,1.25
saginaw_mi,43.4003,-83.8684,2024,2024-05-21,1.5
salina_ks,38.6755,-97.6044,2022,2022-06-14,4.5
saskatoon_sas,52.1579,106.67,2024,2024-05-27,-0.5
savoy_il,40.0569,-88.2341,2022,2022-05-17,4.5
savoy_il,40.0569,-88.2341,2023,2023-05-13,3.5
savoy_il,40.0569,-88.2341,2023,2023-05-13,3.75
savoy_il,40.0569,-88.2341,2023,2023-05-13,3.25
savoy_il,40.0569,-88.2341,2023,2023-05-13,4.5
savoy_il,40.0569,-88.2341,2023,2023-05-13,4.75
savoy_il,40.0569,-88.2341,2023,2023-05-13,4.25
savoy_il,40.0569,-88.2341,2024,2024-05-23,3.5
savoy_il,40.0569,-88.2341,2024,2024-05-23,4.5
shelly_mn,47.4264,-96.8317,1996,1996-05-19,-0.25
shelly_mn,47.4264,-96.8317,1996,1996-05-19,-0.5
shelly_mn,47.4264,-96.8317,2000,2000-05-19,-0.5
shelly_mn,47.4264,-96.8317,2000,2000-05-19,-0.75
shelly_mn,47.4264,-96.8317,2002,2002-05-20,-0.5
shelly_mn,47.4264,-96.8317,2002,2002-05-20,-0.75
shelly_mn,47.4264,-96.8317,2003,2003-05-20,-0.5
shelly_mn,47.4264,-96.8317,2003,2003-05-20,-0.75
shelly_mn,47.4264,-96.8317,2005,2005-05-20,-0.75
shelly_mn,47.4264,-96.8317,2005,2005-05-20,-0.5
shelly_mn,47.4264,-96.8317,2005,2005-05-20,-0.25
shelly_mn,47.4264,-96.8317,2006,2006-05-20,-0.75
shelly_mn,47.4264,-96.8317,2006,2006-05-20,-0.5
shelly_mn,47.4264,-96.8317,2006,2006-05-20,-0.25
shelly_mn,47.4264,-96.8317,2007,2007-05-20,-0.75
shelly_mn,47.4264,-96.8317,2007,2007-05-20,-0.5
shelly_mn,47.4264,-96.8317,2007,2007-05-20,-0.25
shelly_mn,47.4264,-96.8317,2008,2008-05-19,-0.5
shelly_mn,47.4264,-96.8317,2008,2008-05-19,-0.25
shelly_mn,47.4264,-96.8317,2009,2009-05-20,-0.5
shelly_mn,47.4264,-96.8317,2009,2009-05-20,-0.25
shelly_mn,47.4264,-96.8317,2010,2010-05-20,-0.5
shelly_mn,47.4264,-96.8317,2010,2010-05-20,-0.25
shelly_mn,47.4264,-96.8317,2011,2011-05-20,-0.5
shelly_mn,47.4264,-96.8317,2011,2011-05-20,-0.25
shelly_mn,47.4264,-96.8317,2012,2012-05-19,-0.5
shelly_mn,47.4264,-96.8317,2012,2012-05-19,-0.25
shelly_mn,47.4264,-96.8317,2013,2013-05-20,-0.5
shelly_mn,47.4264,-96.8317,2013,2013-05-20,-0.25
shelly_mn,47.4264,-96.8317,2014,2014-05-20,-0.5
shelly_mn,47.4264,-96.8317,2014,2014-05-20,-0.25
shelly_mn,47.4264,-96.8317,2016,2016-05-13,-0.5
shelly_mn,47.4264,-96.8317,2016,2016-05-13,-0.25
shelly_mn,47.4264,-96.8317,2017,2017-05-07,-0.5
shelly_mn,47.4264,-96.8317,2017,2017-05-07,-0.25
shelly_mn,47.4264,-96.8317,2017,2017-05-07,0.25
shelly_mn,47.4264,-96.8317,2017,2017-05-07,0.5
shelly_mn,47.4264,-96.8317,2017,2017-05-07,0.75
shelly_mn,47.4264,-96.8317,2018,2018-05-20,0.5
shelly_mn,47.4264,-96.8317,2018,2018-05-20,0.25
shelly_mn,47.4264,-96.8317,2018,2018-05-20,0.75
shelly_mn,47.4264,-96.8317,2018,2018-05-24,-0.5
shelly_mn,47.4264,-96.8317,2018,2018-05-24,-0.25
shelly_mn,47.4264,-96.8317,2018,2018-05-24,0.25
shelly_mn,47.4264,-96.8317,2018,2018-05-24,0.5
shelly_mn,47.4264,-96.8317,2018,2018-05-24,0.75
shelly_mn,47.4264,-96.8317,2019,2019-05-20,0.5
shelly_mn,47.4264,-96.8317,2019,2019-05-20,0.25
shelly_mn,47.4264,-96.8317,2019,2019-05-20,0.75
shelly_mn,47.4264,-96.8317,2020,2020-05-22,0.5
shelly_mn,47.4264,-96.8317,2020,2020-05-22,0.25
shelly_mn,47.4264,-96.8317,2020,2020-05-22,0.75
shelly_mn,47.4264,-96.8317,2021,2021-05-20,0.5
shelly_mn,47.4264,-96.8317,2021,2021-05-20,0.75
shelly_mn,47.4264,-96.8317,2023,2023-05-21,0.5
shelly_mn,47.4264,-96.8317,2023,2023-05-21,0.25
shelly_mn,47.4264,-96.8317,2023,2023-05-21,0.75
sinai_sd,44.2445,-97.044,2006,2006-05-22,2.5
sinai_sd,44.2445,-97.044,2006,2006-05-22,2.75
sinai_sd,44.2445,-97.044,2006,2006-05-22,2.25
sinai_sd,44.2445,-97.044,2006,2006-05-22,1.5
sinai_sd,44.2445,-97.044,2006,2006-05-22,1.75
sinai_sd,44.2445,-97.044,2006,2006-05-22,1.25
siouxrapids_ia,42.8916,-95.1488,1998,1998-05-23,1.5
siouxrapids_ia,42.8916,-95.1488,1998,1998-05-23,1.25
siouxrapids_ia,42.8916,-95.1488,1998,1998-05-23,1.75
siouxrapids_ia,42.8916,-95.1488,2000,2000-05-22,1.5
siouxrapids_ia,42.8916,-95.1488,2000,2000-05-22,1.75
siouxrapids_ia,42.8916,-95.1488,2000,2000-05-22,1.25
southcharleston_oh,39.8572,-83.6708,2004,2004-05-25,4.5
southcharleston_oh,39.8572,-83.6708,2004,2004-05-25,4.25
southcharleston_oh,39.8572,-83.6708,2004,2004-05-25,4.75
southcharleston_oh,39.8572,-83.6708,2005,2005-05-26,3.5
southcharleston_oh,39.8572,-83.6708,2005,2005-05-26,4.5
southcharleston_oh,39.8572,-83.6708,2005,2005-05-26,3.25
southcharleston_oh,39.8572,-83.6708,2005,2005-05-26,3.75
southcharleston_oh,39.8572,-83.6708,2005,2005-05-26,4.25
southcharleston_oh,39.8572,-83.6708,2005,2005-05-26,4.75
southcharleston_oh,39.8572,-83.6708,2007,2007-05-26,3.5
southcharleston_oh,39.8572,-83.6708,2007,2007-05-26,3.25
southcharleston_oh,39.8572,-83.6708,2007,2007-05-26,3.75
southcharleston_oh,39.8572,-83.6708,2008,2008-05-25,3.5
southcharleston_oh,39.8572,-83.6708,2008,2008-05-25,3.25
southcharleston_oh,39.8572,-83.6708,2008,2008-05-25,3.75
southcharleston_oh,39.8572,-83.6708,2008,2008-05-25,4.5
southcharleston_oh,39.8572,-83.6708,2008,2008-05-25,4.25
southcharleston_oh,39.8572,-83.6708,2009,2009-05-26,3.5
southcharleston_oh,39.8572,-83.6708,2009,2009-05-26,3.25
southcharleston_oh,39.8572,-83.6708,2009,2009-05-26,3.75
southcharleston_oh,39.8572,-83.6708,2009,2009-05-26,4.5
southcharleston_oh,39.8572,-83.6708,2009,2009-05-26,4.25
southcharleston_oh,39.8572,-83.6708,2010,2010-05-26,3.5
southcharleston_oh,39.8572,-83.6708,2010,2010-05-26,3.25
southcharleston_oh,39.8572,-83.6708,2010,2010-05-26,3.75
southcharleston_oh,39.8572,-83.6708,2010,2010-05-26,4.25
southcharleston_oh,39.8572,-83.6708,2010,2010-05-26,4.5
southcharleston_oh,39.8572,-83.6708,2012,2012-05-25,3.5
southcharleston_oh,39.8572,-83.6708,2012,2012-05-25,3.25
southcharleston_oh,39.8572,-83.6708,2014,2014-05-26,3.5
southcharleston_oh,39.8572,-83.6708,2014,2014-05-26,3.25
southcharleston_oh,39.8572,-83.6708,2014,2014-05-26,3.75
southcharleston_oh,39.8572,-83.6708,2016,2016-05-17,4.75
southcharleston_oh,39.8572,-83.6708,2016,2016-05-17,4.5
southcharleston_oh,39.8572,-83.6708,2016,2016-05-17,4.25
spooner_wi,45.827,-91.886,1993,1993-05-21,0.25
spooner_wi,45.827,-91.886,1993,1993-05-21,0.5
spooner_wi,45.827,-91.886,1993,1993-05-21,0.75
stbrunomontarville_que,45.5484,-73.3364,1998,1998-05-21,-0.5
stbrunomontarville_que,45.5484,-73.3364,1998,1998-05-21,-0.25
stbrunomontarville_que,45.5484,-73.3364,1999,1999-05-21,0.5
stbrunomontarville_que,45.5484,-73.3364,1999,1999-05-21,0.75
stbrunomontarville_que,45.5484,-73.3364,1999,1999-05-21,0.25
stbrunomontarville_que,45.5484,-73.3364,1999,1999-05-21,-0.5
stbrunomontarville_que,45.5484,-73.3364,1999,1999-05-21,-0.75
stbrunomontarville_que,45.5484,-73.3364,2000,2000-05-20,0.5
stbrunomontarville_que,45.5484,-73.3364,2000,2000-05-20,0.75
stbrunomontarville_que,45.5484,-73.3364,2000,2000-05-20,0.25
stbrunomontarville_que,45.5484,-73.3364,2000,2000-05-20,-0.5
stbrunomontarville_que,45.5484,-73.3364,2000,2000-05-20,-0.75
stbrunomontarville_que,45.5484,-73.3364,2001,2001-05-21,0.5
stbrunomontarville_que,45.5484,-73.3364,2001,2001-05-21,0.75
stbrunomontarville_que,45.5484,-73.3364,2001,2001-05-21,0.25
stbrunomontarville_que,45.5484,-73.3364,2001,2001-05-21,-0.5
stbrunomontarville_que,45.5484,-73.3364,2001,2001-05-21,-0.75
stbrunomontarville_que,45.5484,-73.3364,2003,2003-05-21,0.5
stbrunomontarville_que,45.5484,-73.3364,2003,2003-05-21,1.5
stbrunomontarville_que,45.5484,-73.3364,2003,2003-05-21,-0.5
stbrunomontarville_que,45.5484,-73.3364,2003,2003-05-21,-0.75
stbrunomontarville_que,45.5484,-73.3364,2004,2004-05-20,0.5
stbrunomontarville_que,45.5484,-73.3364,2004,2004-05-20,1.5
stbrunomontarville_que,45.5484,-73.3364,2004,2004-05-20,0.75
stbrunomontarville_que,45.5484,-73.3364,2004,2004-05-20,0.25
stbrunomontarville_que,45.5484,-73.3364,2004,2004-05-20,-0.5
stbrunomontarville_que,45.5484,-73.3364,2004,2004-05-20,-0.75
stbrunomontarville_que,45.5484,-73.3364,2004,2004-05-20,-0.25
stbrunomontarville_que,45.5484,-73.3364,2004,2004-05-20,1.75
stbrunomontarville_que,45.5484,-73.3364,2004,2004-05-20,1.25
stbrunomontarville_que,45.5484,-73.3364,2005,2005-05-21,0.5
stbrunomontarville_que,45.5484,-73.3364,2005,2005-05-21,0.75
stbrunomontarville_que,45.5484,-73.3364,2005,2005-05-21,0.25
stbrunomontarville_que,45.5484,-73.3364,2005,2005-05-21,-0.75
stbrunomontarville_que,45.5484,-73.3364,2005,2005-05-21,-0.5
stbrunomontarville_que,45.5484,-73.3364,2005,2005-05-21,-0.25
stbrunomontarville_que,45.5484,-73.3364,2006,2006-05-21,0.5
stbrunomontarville_que,45.5484,-73.3364,2006,2006-05-21,0.75
stbrunomontarville_que,45.5484,-73.3364,2006,2006-05-21,0.25
stbrunomontarville_que,45.5484,-73.3364,2006,2006-05-21,-0.75
stbrunomontarville_que,45.5484,-73.3364,2006,2006-05-21,-0.5
stbrunomontarville_que,45.5484,-73.3364,2006,2006-05-21,-0.25
stevenscreek_ne,40.8631,-96.5956,2007,2007-05-25,4.5
stevenscreek_ne,40.8631,-96.5956,2007,2007-05-25,4.25
stevenscreek_ne,40.8631,-96.5956,2017,2017-05-31,3.5
stevenscreek_ne,40.8631,-96.5956,2017,2017-05-31,3.75
stevenscreek_ne,40.8631,-96.5956,2017,2017-05-31,3.25
stevenscreek_ne,40.8631,-96.5956,2020,2020-06-09,1.5
stevenscreek_ne,40.8631,-96.5956,2020,2020-06-09,1.75
stevenscreek_ne,40.8631,-96.5956,2020,2020-06-09,2.5
stevenscreek_ne,40.8631,-96.5956,2020,2020-06-09,2.25
stevenscreek_ne,40.8631,-96.5956,2020,2020-06-09,2.75
stevenscreek_ne,40.8631,-96.5956,2020,2020-05-24,3.5
stevenscreek_ne,40.8631,-96.5956,2020,2020-05-24,3.25
stevenscreek_ne,40.8631,-96.5956,2020,2020-06-09,3.5
stevenscreek_ne,40.8631,-96.5956,2020,2020-06-09,3.25
stevenscreek_ne,40.8631,-96.5956,2024,2024-05-30,3.5
stewart_mn,44.7235,-94.4869,2013,2013-05-21,2.5
stewart_mn,44.7235,-94.4869,2013,2013-05-21,2.25
stewart_mn,44.7235,-94.4869,2013,2013-05-21,2.75
stgermaindegrantham_que,45.83,-72.57,2013,2013-05-20,0.25
stgermaindegrantham_que,45.83,-72.57,2013,2013-05-20,0.5
stgermaindegrantham_que,45.83,-72.57,2013,2013-05-20,0.75
sthyacinthe_que,45.5932,-72.9316,2005,2005-05-21,0.5
sthyacinthe_que,45.5932,-72.9316,2005,2005-05-21,0.25
sthyacinthe_que,45.5932,-72.9316,2005,2005-05-21,0.75
sthyacinthe_que,45.5932,-72.9316,2006,2006-05-21,1.5
sthyacinthe_que,45.5932,-72.9316,2006,2006-05-21,-0.25
sthyacinthe_que,45.5932,-72.9316,2006,2006-05-21,-0.5
sthyacinthe_que,45.5932,-72.9316,2006,2006-05-21,0.5
sthyacinthe_que,45.5932,-72.9316,2006,2006-05-21,0.25
sthyacinthe_que,45.5932,-72.9316,2006,2006-05-21,0.75
sthyacinthe_que,45.5932,-72.9316,2006,2006-05-21,1.75
sthyacinthe_que,45.5932,-72.9316,2006,2006-05-21,1.25
sthyacinthe_que,45.5932,-72.9316,2007,2007-05-20,0.5
sthyacinthe_que,45.5932,-72.9316,2007,2007-05-20,1.5
sthyacinthe_que,45.5932,-72.9316,2007,2007-05-20,-0.25
sthyacinthe_que,45.5932,-72.9316,2007,2007-05-20,-0.5
sthyacinthe_que,45.5932,-72.9316,2007,2007-05-20,0.25
sthyacinthe_que,45.5932,-72.9316,2007,2007-05-20,0.75
sthyacinthe_que,45.5932,-72.9316,2007,2007-05-20,1.75
sthyacinthe_que,45.5932,-72.9316,2007,2007-05-20,1.25
sthyacinthe_que,45.5932,-72.9316,2008,2008-05-19,0.5
sthyacinthe_que,45.5932,-72.9316,2008,2008-05-19,1.5
sthyacinthe_que,45.5932,-72.9316,2008,2008-05-19,-0.25
sthyacinthe_que,45.5932,-72.9316,2008,2008-05-19,-0.5
sthyacinthe_que,45.5932,-72.9316,2008,2008-05-19,0.75
sthyacinthe_que,45.5932,-72.9316,2008,2008-05-19,1.75
sthyacinthe_que,45.5932,-72.9316,2008,2008-05-19,1.25
sthyacinthe_que,45.5932,-72.9316,2013,2013-05-20,1.5
sthyacinthe_que,45.5932,-72.9316,2013,2013-05-20,1.75
sthyacinthe_que,45.5932,-72.9316,2013,2013-05-20,1.25
sthyacinthe_que,45.5932,-72.9316,2014,2014-05-20,1.5
sthyacinthe_que,45.5932,-72.9316,2014,2014-05-20,0.25
sthyacinthe_que,45.5932,-72.9316,2014,2014-05-20,0.5
sthyacinthe_que,45.5932,-72.9316,2014,2014-05-20,0.75
sthyacinthe_que,45.5932,-72.9316,2014,2014-05-20,1.75
sthyacinthe_que,45.5932,-72.9316,2014,2014-05-20,1.25
sthyacinthe_que,45.5932,-72.9316,2015,2015-05-20,1.5
sthyacinthe_que,45.5932,-72.9316,2015,2015-05-20,0.25
sthyacinthe_que,45.5932,-72.9316,2015,2015-05-20,0.5
sthyacinthe_que,45.5932,-72.9316,2015,2015-05-20,0.75
sthyacinthe_que,45.5932,-72.9316,2015,2015-05-20,1.75
sthyacinthe_que,45.5932,-72.9316,2015,2015-05-20,1.25
sthyacinthe_que,45.5932,-72.9316,2016,2016-05-19,1.5
sthyacinthe_que,45.5932,-72.9316,2016,2016-05-20,0.25
sthyacinthe_que,45.5932,-72.9316,2016,2016-05-20,0.5
sthyacinthe_que,45.5932,-72.9316,2016,2016-05-20,0.75
sthyacinthe_que,45.5932,-72.9316,2016,2016-05-20,1.75
sthyacinthe_que,45.5932,-72.9316,2016,2016-05-20,1.5
sthyacinthe_que,45.5932,-72.9316,2016,2016-05-20,1.25
sthyacinthe_que,45.5932,-72.9316,2017,2017-05-20,1.5
sthyacinthe_que,45.5932,-72.9316,2017,2017-06-02,0.25
sthyacinthe_que,45.5932,-72.9316,2017,2017-06-02,0.5
sthyacinthe_que,45.5932,-72.9316,2017,2017-06-02,0.75
sthyacinthe_que,45.5932,-72.9316,2017,2017-05-16,1.75
sthyacinthe_que,45.5932,-72.9316,2017,2017-05-16,1.5
sthyacinthe_que,45.5932,-72.9316,2017,2017-05-16,1.25
sthyacinthe_que,45.5932,-72.9316,2017,2017-06-02,1.25
sthyacinthe_que,45.5932,-72.9316,2017,2017-06-02,1.5
sthyacinthe_que,45.5932,-72.9316,2017,2017-06-02,1.75
sthyacinthe_que,45.5932,-72.9316,2019,2019-06-01,1.5
sthyacinthe_que,45.5932,-72.9316,2019,2019-06-01,1.25
sthyacinthe_que,45.5932,-72.9316,2020,2020-05-11,1.5
sthyacinthe_que,45.5932,-72.9316,2020,2020-05-11,1.75
sthyacinthe_que,45.5932,-72.9316,2021,2021-05-15,1.5
sthyacinthe_que,45.5932,-72.9316,2021,2021-05-15,1.75
sthyacinthe_que,45.5932,-72.9316,2021,2021-05-15,1.25
sthyacinthe_que,45.5932,-72.9316,2022,2022-05-20,1.5
sthyacinthe_que,45.5932,-72.9316,2022,2022-05-20,1.25
sthyacinthe_que,45.5932,-72.9316,2023,2023-05-15,1.5
sthyacinthe_que,45.5932,-72.9316,2023,2023-05-15,1.75
sthyacinthe_que,45.5932,-72.9316,2023,2023-05-15,1.25
sthyacinthe_que,45.5932,-72.9316,2024,2024-05-21,0.5
sthyacinthe_que,45.5932,-72.9316,2024,2024-05-21,1.5
stmarys_ont,43.3298,-81.1071,2024,2024-06-01,1.5
stmathieudebeloeil_que,45.5834,-73.2422,2007,2007-05-20,0.5
stmathieudebeloeil_que,45.5834,-73.2422,2007,2007-05-20,0.75
stmathieudebeloeil_que,45.5834,-73.2422,2007,2007-05-20,0.25
stmathieudebeloeil_que,45.5834,-73.2422,2007,2007-05-20,-0.75
stmathieudebeloeil_que,45.5834,-73.2422,2007,2007-05-20,-0.5
stmathieudebeloeil_que,45.5834,-73.2422,2007,2007-05-20,-0.25
stmathieudebeloeil_que,45.5834,-73.2422,2008,2008-05-19,0.5
stmathieudebeloeil_que,45.5834,-73.2422,2008,2008-05-19,0.75
stmathieudebeloeil_que,45.5834,-73.2422,2008,2008-05-19,0.25
stmathieudebeloeil_que,45.5834,-73.2422,2008,2008-05-19,-0.5
stmathieudebeloeil_que,45.5834,-73.2422,2008,2008-05-19,-0.25
stmathieudebeloeil_que,45.5834,-73.2422,2009,2009-05-20,0.5
stmathieudebeloeil_que,45.5834,-73.2422,2009,2009-05-20,0.75
stmathieudebeloeil_que,45.5834,-73.2422,2009,2009-05-20,0.25
stmathieudebeloeil_que,45.5834,-73.2422,2009,2009-05-20,-0.5
stmathieudebeloeil_que,45.5834,-73.2422,2009,2009-05-20,-0.25
stmathieudebeloeil_que,45.5834,-73.2422,2010,2010-05-20,0.5
stmathieudebeloeil_que,45.5834,-73.2422,2010,2010-05-20,0.25
stmathieudebeloeil_que,45.5834,-73.2422,2010,2010-05-20,0.75
stmathieudebeloeil_que,45.5834,-73.2422,2010,2010-05-20,-0.5
stmathieudebeloeil_que,45.5834,-73.2422,2010,2010-05-20,-0.25
stmathieudebeloeil_que,45.5834,-73.2422,2011,2011-05-20,0.5
stmathieudebeloeil_que,45.5834,-73.2422,2011,2011-05-20,0.25
stmathieudebeloeil_que,45.5834,-73.2422,2011,2011-05-20,0.75
stmathieudebeloeil_que,45.5834,-73.2422,2011,2011-05-20,-0.5
stmathieudebeloeil_que,45.5834,-73.2422,2011,2011-05-20,-0.25
stmathieudebeloeil_que,45.5834,-73.2422,2012,2012-05-19,0.5
stmathieudebeloeil_que,45.5834,-73.2422,2012,2012-05-19,0.25
stmathieudebeloeil_que,45.5834,-73.2422,2012,2012-05-19,0.75
stmathieudebeloeil_que,45.5834,-73.2422,2012,2012-05-19,-0.5
stmathieudebeloeil_que,45.5834,-73.2422,2012,2012-05-19,-0.25
stmathieudebeloeil_que,45.5834,-73.2422,2013,2013-05-20,0.5
stmathieudebeloeil_que,45.5834,-73.2422,2013,2013-05-20,0.25
stmathieudebeloeil_que,45.5834,-73.2422,2013,2013-05-20,0.75
stmathieudebeloeil_que,45.5834,-73.2422,2013,2013-05-20,-0.5
stmathieudebeloeil_que,45.5834,-73.2422,2013,2013-05-20,-0.25
stmathieudebeloeil_que,45.5834,-73.2422,2014,2014-05-20,0.5
stmathieudebeloeil_que,45.5834,-73.2422,2014,2014-05-20,0.25
stmathieudebeloeil_que,45.5834,-73.2422,2014,2014-05-20,0.75
stmathieudebeloeil_que,45.5834,-73.2422,2014,2014-05-20,-0.5
stmathieudebeloeil_que,45.5834,-73.2422,2014,2014-05-20,-0.25
stmathieudebeloeil_que,45.5834,-73.2422,2015,2015-05-20,0.5
stmathieudebeloeil_que,45.5834,-73.2422,2015,2015-05-20,0.25
stmathieudebeloeil_que,45.5834,-73.2422,2015,2015-05-20,0.75
stmathieudebeloeil_que,45.5834,-73.2422,2015,2015-05-20,-0.5
stmathieudebeloeil_que,45.5834,-73.2422,2015,2015-05-20,-0.25
stmathieudebeloeil_que,45.5834,-73.2422,2016,2016-05-17,0.5
stmathieudebeloeil_que,45.5834,-73.2422,2016,2016-05-17,0.25
stmathieudebeloeil_que,45.5834,-73.2422,2016,2016-05-17,0.75
stmathieudebeloeil_que,45.5834,-73.2422,2016,2016-05-17,-0.5
stmathieudebeloeil_que,45.5834,-73.2422,2016,2016-05-17,-0.25
stmathieudebeloeil_que,45.5834,-73.2422,2017,2017-05-29,0.5
stmathieudebeloeil_que,45.5834,-73.2422,2017,2017-05-29,0.25
stmathieudebeloeil_que,45.5834,-73.2422,2017,2017-05-29,0.75
stmathieudebeloeil_que,45.5834,-73.2422,2017,2017-05-29,-0.5
stmathieudebeloeil_que,45.5834,-73.2422,2017,2017-05-29,-0.25
stmathieudebeloeil_que,45.5834,-73.2422,2018,2018-05-24,0.5
stmathieudebeloeil_que,45.5834,-73.2422,2018,2018-05-20,0.5
stmathieudebeloeil_que,45.5834,-73.2422,2018,2018-05-20,0.25
stmathieudebeloeil_que,45.5834,-73.2422,2018,2018-05-20,0.75
stmathieudebeloeil_que,45.5834,-73.2422,2019,2019-06-07,0.5
stmathieudebeloeil_que,45.5834,-73.2422,2019,2019-06-07,0.25
stmathieudebeloeil_que,45.5834,-73.2422,2019,2019-06-07,-0.5
stmathieudebeloeil_que,45.5834,-73.2422,2019,2019-06-07,-0.25
stmathieudebeloeil_que,45.5834,-73.2422,2020,2020-05-27,0.5
stmathieudebeloeil_que,45.5834,-73.2422,2020,2020-05-27,0.25
stmathieudebeloeil_que,45.5834,-73.2422,2020,2020-05-27,0.75
stmathieudebeloeil_que,45.5834,-73.2422,2020,2020-05-24,-0.5
stmathieudebeloeil_que,45.5834,-73.2422,2022,2022-06-12,0.5
stmathieudebeloeil_que,45.5834,-73.2422,2022,2022-06-12,0.25
stmathieudebeloeil_que,45.5834,-73.2422,2022,2022-06-12,0.75
stmathieudebeloeil_que,45.5834,-73.2422,2022,2022-06-12,-0.5
stmathieudebeloeil_que,45.5834,-73.2422,2023,2023-05-31,0.5
stmathieudebeloeil_que,45.5834,-73.2422,2023,2023-05-31,0.25
stmathieudebeloeil_que,45.5834,-73.2422,2023,2023-05-31,0.75
stmathieudebeloeil_que,45.5834,-73.2422,2023,2023-05-31,-0.5
stmathieudebeloeil_que,45.5834,-73.2422,2024,2024-06-06,0.5
stmathieudebeloeil_que,45.5834,-73.2422,2024,2024-06-06,-0.5
stpauls_ont,43.32515,-81.1402,2004,2004-05-22,0.5
stpauls_ont,43.32515,-81.1402,2004,2004-05-22,0.75
stpauls_ont,43.32515,-81.1402,2004,2004-05-22,0.25
stpauls_ont,43.32515,-81.1402,2005,2005-05-23,0.5
stpauls_ont,43.32515,-81.1402,2005,2005-05-23,0.75
stpauls_ont,43.32515,-81.1402,2005,2005-05-23,0.25
stpauls_ont,43.32515,-81.1402,2006,2006-05-23,0.5
stpauls_ont,43.32515,-81.1402,2006,2006-05-23,0.75
stpauls_ont,43.32515,-81.1402,2006,2006-05-23,0.25
stpauls_ont,43.32515,-81.1402,2007,2007-05-23,0.5
stpauls_ont,43.32515,-81.1402,2007,2007-05-23,0.75
stpauls_ont,43.32515,-81.1402,2007,2007-05-23,0.25
stpauls_ont,43.32515,-81.1402,2008,2008-05-22,0.5
stpauls_ont,43.32515,-81.1402,2008,2008-05-22,0.75
stpauls_ont,43.32515,-81.1402,2008,2008-05-22,0.25
stpauls_ont,43.32515,-81.1402,2009,2009-05-23,0.5
stpauls_ont,43.32515,-81.1402,2009,2009-05-23,0.75
stpauls_ont,43.32515,-81.1402,2009,2009-05-23,0.25
stpauls_ont,43.32515,-81.1402,2010,2010-05-23,0.5
stpauls_ont,43.32515,-81.1402,2010,2010-05-23,0.25
stpauls_ont,43.32515,-81.1402,2010,2010-05-23,0.75
stpauls_ont,43.32515,-81.1402,2011,2011-05-23,0.5
stpauls_ont,43.32515,-81.1402,2011,2011-05-23,0.25
stpauls_ont,43.32515,-81.1402,2011,2011-05-23,0.75
stpauls_ont,43.32515,-81.1402,2012,2012-05-22,0.5
stpauls_ont,43.32515,-81.1402,2012,2012-05-22,0.25
stpauls_ont,43.32515,-81.1402,2012,2012-05-22,0.75
stpauls_ont,43.32515,-81.1402,2013,2013-05-23,0.5
stpauls_ont,43.32515,-81.1402,2013,2013-05-23,0.25
stpauls_ont,43.32515,-81.1402,2013,2013-05-23,0.75
stpauls_ont,43.32515,-81.1402,2014,2014-05-22,0.5
stpauls_ont,43.32515,-81.1402,2014,2014-05-22,0.25
stpauls_ont,43.32515,-81.1402,2014,2014-05-22,0.75
stpauls_ont,43.32515,-81.1402,2015,2015-05-22,1.5
stpauls_ont,43.32515,-81.1402,2015,2015-05-22,1.75
stpauls_ont,43.32515,-81.1402,2015,2015-05-22,1.25
stpauls_ont,43.32515,-81.1402,2016,2016-05-21,1.5
stpauls_ont,43.32515,-81.1402,2016,2016-05-20,1.75
stpauls_ont,43.32515,-81.1402,2016,2016-05-20,1.5
stpauls_ont,43.32515,-81.1402,2016,2016-05-20,1.25
stpauls_ont,43.32515,-81.1402,2017,2017-05-22,1.5
stpauls_ont,43.32515,-81.1402,2017,2017-05-20,1.75
stpauls_ont,43.32515,-81.1402,2017,2017-05-20,1.5
stpauls_ont,43.32515,-81.1402,2017,2017-05-20,1.25
stpauls_ont,43.32515,-81.1402,2019,2019-06-09,1.5
stpauls_ont,43.32515,-81.1402,2019,2019-06-09,1.25
stpauls_ont,43.32515,-81.1402,2021,2021-05-17,1.5
stpauls_ont,43.32515,-81.1402,2021,2021-05-17,1.75
stpauls_ont,43.32515,-81.1402,2022,2022-05-20,1.5
stpauls_ont,43.32515,-81.1402,2022,2022-05-20,1.25
stpauls_ont,43.32515,-81.1402,2023,2023-05-18,1.5
stpauls_ont,43.32515,-81.1402,2023,2023-05-18,1.75
stuart_ia,41.5003,-94.3187,1994,1994-05-25,3.5
stuart_ia,41.5003,-94.3187,1994,1994-05-25,3.75
stuart_ia,41.5003,-94.3187,1994,1994-05-25,3.25
sutherland_ia,42.9262,-95.5281,2022,2022-05-23,2.5
sutherland_ia,42.9262,-95.5281,2022,2022-05-17,2.5
sutherland_ia,42.9262,-95.5281,2023,2023-05-22,1.5
sutherland_ia,42.9262,-95.5281,2023,2023-05-22,1.75
sutherland_ia,42.9262,-95.5281,2024,2024-05-22,2.5
sutherland_ia,42.9262,-95.5281,2024,2024-06-10,1.5
talbotville_ont,42.802,-81.239,2001,2001-05-23,1.5
talbotville_ont,42.802,-81.239,2001,2001-05-23,1.75
talbotville_ont,42.802,-81.239,2001,2001-05-23,1.25
talbotville_ont,42.802,-81.239,2002,2002-05-23,1.5
talbotville_ont,42.802,-81.239,2002,2002-05-23,1.75
talbotville_ont,42.802,-81.239,2002,2002-05-23,1.25
talbotville_ont,42.802,-81.239,2003,2003-05-23,1.5
talbotville_ont,42.802,-81.239,2003,2003-05-23,1.75
talbotville_ont,42.802,-81.239,2003,2003-05-23,1.25
talbotville_ont,42.802,-81.239,2004,2004-05-22,1.5
tekamah_ne,41.7779,-96.2248,1998,1998-05-25,3.25
tekamah_ne,41.7779,-96.2248,1998,1998-05-25,3.5
tekamah_ne,41.7779,-96.2248,1998,1998-05-25,3.75
thiefriverfalls_mn,48.1283,-96.2427,2017,2017-05-12,-0.75
thiefriverfalls_mn,48.1283,-96.2427,2017,2017-05-12,-0.5
thiefriverfalls_mn,48.1283,-96.2427,2017,2017-05-12,-0.25
thiefriverfalls_mn,48.1283,-96.2427,2018,2018-06-16,-0.5
thiefriverfalls_mn,48.1283,-96.2427,2018,2018-06-16,-0.25
thiefriverfalls_mn,48.1283,-96.2427,2019,2019-05-18,-0.5
thiefriverfalls_mn,48.1283,-96.2427,2019,2019-05-18,-0.25
thiefriverfalls_mn,48.1283,-96.2427,2021,2021-05-23,0.5
thiefriverfalls_mn,48.1283,-96.2427,2021,2021-05-23,0.25
thiefriverfalls_mn,48.1283,-96.2427,2021,2021-05-23,0.75
thiefriverfalls_mn,48.1283,-96.2427,2021,2021-05-23,-0.5
thiefriverfalls_mn,48.1283,-96.2427,2023,2023-05-19,-0.5
thiefriverfalls_mn,48.1283,-96.2427,2023,2023-05-19,-0.25
thiefriverfalls_mn,48.1283,-96.2427,2023,2023-05-19,0.25
thiefriverfalls_mn,48.1283,-96.2427,2023,2023-05-19,0.5
thiefriverfalls_mn,48.1283,-96.2427,2023,2023-05-19,0.75
thiefriverfalls_mn,48.1283,-96.2427,2024,2024-05-15,-0.5
thiefriverfalls_mn,48.1283,-96.2427,2024,2024-05-15,0.5
urbana_il,40.05325,-88.23485,1993,1993-05-26,2.5
urbana_il,40.05325,-88.23485,1993,1993-05-26,3.5
urbana_il,40.05325,-88.23485,1993,1993-05-26,4.5
urbana_il,40.05325,-88.23485,1993,1993-05-26,2.75
urbana_il,40.05325,-88.23485,1993,1993-05-26,2.25
urbana_il,40.05325,-88.23485,1993,1993-05-26,3.75
urbana_il,40.05325,-88.23485,1993,1993-05-26,3.25
urbana_il,40.05325,-88.23485,1993,1993-05-26,4.25
urbana_il,40.05325,-88.23485,1993,1993-05-26,4.75
urbana_il,40.05325,-88.23485,1994,1994-05-26,2.5
urbana_il,40.05325,-88.23485,1994,1994-05-26,3.5
urbana_il,40.05325,-88.23485,1994,1994-05-26,4.5
urbana_il,40.05325,-88.23485,1994,1994-05-26,2.75
urbana_il,40.05325,-88.23485,1994,1994-05-26,2.25
urbana_il,40.05325,-88.23485,1994,1994-05-26,3.75
urbana_il,40.05325,-88.23485,1994,1994-05-26,3.25
urbana_il,40.05325,-88.23485,1994,1994-05-26,4.25
urbana_il,40.05325,-88.23485,1994,1994-05-26,4.75
urbana_il,40.05325,-88.23485,1995,1995-05-26,2.5
urbana_il,40.05325,-88.23485,1995,1995-05-26,3.5
urbana_il,40.05325,-88.23485,1995,1995-05-26,4.5
urbana_il,40.05325,-88.23485,1995,1995-05-26,2.75
urbana_il,40.05325,-88.23485,1995,1995-05-26,2.25
urbana_il,40.05325,-88.23485,1995,1995-05-26,3.75
urbana_il,40.05325,-88.23485,1995,1995-05-26,3.25
urbana_il,40.05325,-88.23485,1996,1996-05-25,2.5
urbana_il,40.05325,-88.23485,1996,1996-05-25,3.5
urbana_il,40.05325,-88.23485,1996,1996-05-25,4.5
urbana_il,40.05325,-88.23485,1996,1996-05-25,2.75
urbana_il,40.05325,-88.23485,1996,1996-05-25,2.25
urbana_il,40.05325,-88.23485,1996,1996-05-25,3.25
urbana_il,40.05325,-88.23485,1996,1996-05-25,3.75
urbana_il,40.05325,-88.23485,1996,1996-05-25,4.75
urbana_il,40.05325,-88.23485,1996,1996-05-25,4.25
urbana_il,40.05325,-88.23485,1997,1997-05-26,2.5
urbana_il,40.05325,-88.23485,1997,1997-05-26,3.5
urbana_il,40.05325,-88.23485,1997,1997-05-26,4.5
urbana_il,40.05325,-88.23485,1997,1997-05-26,2.75
urbana_il,40.05325,-88.23485,1997,1997-05-26,2.25
urbana_il,40.05325,-88.23485,1997,1997-05-26,3.25
urbana_il,40.05325,-88.23485,1997,1997-05-26,3.75
urbana_il,40.05325,-88.23485,1997,1997-05-26,4.75
urbana_il,40.05325,-88.23485,1997,1997-05-26,4.25
urbana_il,40.05325,-88.23485,1998,1998-05-26,2.5
urbana_il,40.05325,-88.23485,1998,1998-05-26,3.5
urbana_il,40.05325,-88.23485,1998,1998-05-26,4.5
urbana_il,40.05325,-88.23485,1998,1998-05-26,2.75
urbana_il,40.05325,-88.23485,1998,1998-05-26,2.25
urbana_il,40.05325,-88.23485,1998,1998-05-26,3.25
urbana_il,40.05325,-88.23485,1998,1998-05-26,3.75
urbana_il,40.05325,-88.23485,1998,1998-05-26,4.75
urbana_il,40.05325,-88.23485,1998,1998-05-26,4.25
urbana_il,40.05325,-88.23485,1999,1999-05-26,2.5
urbana_il,40.05325,-88.23485,1999,1999-05-26,3.5
urbana_il,40.05325,-88.23485,1999,1999-05-26,4.5
urbana_il,40.05325,-88.23485,1999,1999-05-26,2.25
urbana_il,40.05325,-88.23485,1999,1999-05-26,2.75
urbana_il,40.05325,-88.23485,1999,1999-05-26,3.25
urbana_il,40.05325,-88.23485,1999,1999-05-26,3.75
urbana_il,40.05325,-88.23485,1999,1999-05-26,4.75
urbana_il,40.05325,-88.23485,1999,1999-05-26,4.25
urbana_il,40.05325,-88.23485,2000,2000-05-25,2.5
urbana_il,40.05325,-88.23485,2000,2000-05-25,3.5
urbana_il,40.05325,-88.23485,2000,2000-05-25,4.5
urbana_il,40.05325,-88.23485,2000,2000-05-25,2.25
urbana_il,40.05325,-88.23485,2000,2000-05-25,2.75
urbana_il,40.05325,-88.23485,2000,2000-05-25,3.25
urbana_il,40.05325,-88.23485,2000,2000-05-25,3.75
urbana_il,40.05325,-88.23485,2000,2000-05-25,4.25
urbana_il,40.05325,-88.23485,2000,2000-05-25,4.75
urbana_il,40.05325,-88.23485,2001,2001-05-26,2.5
urbana_il,40.05325,-88.23485,2001,2001-05-26,3.5
urbana_il,40.05325,-88.23485,2001,2001-05-26,4.5
urbana_il,40.05325,-88.23485,2001,2001-05-26,2.25
urbana_il,40.05325,-88.23485,2001,2001-05-26,2.75
urbana_il,40.05325,-88.23485,2001,2001-05-26,3.25
urbana_il,40.05325,-88.23485,2001,2001-05-26,3.75
urbana_il,40.05325,-88.23485,2001,2001-05-26,4.25
urbana_il,40.05325,-88.23485,2002,2002-05-26,2.5
urbana_il,40.05325,-88.23485,2002,2002-05-26,3.5
urbana_il,40.05325,-88.23485,2002,2002-05-26,4.5
urbana_il,40.05325,-88.23485,2003,2003-05-26,2.5
urbana_il,40.05325,-88.23485,2003,2003-05-26,3.5
urbana_il,40.05325,-88.23485,2003,2003-05-26,4.5
urbana_il,40.05325,-88.23485,2003,2003-05-26,2.25
urbana_il,40.05325,-88.23485,2003,2003-05-26,2.75
urbana_il,40.05325,-88.23485,2003,2003-05-26,4.25
urbana_il,40.05325,-88.23485,2004,2004-05-25,2.5
urbana_il,40.05325,-88.23485,2004,2004-05-25,3.5
urbana_il,40.05325,-88.23485,2004,2004-05-25,3.25
urbana_il,40.05325,-88.23485,2004,2004-05-25,3.75
urbana_il,40.05325,-88.23485,2004,2004-05-25,2.75
urbana_il,40.05325,-88.23485,2004,2004-05-25,2.25
urbana_il,40.05325,-88.23485,2004,2004-05-25,4.5
urbana_il,40.05325,-88.23485,2004,2004-05-25,4.25
urbana_il,40.05325,-88.23485,2005,2005-05-26,2.5
urbana_il,40.05325,-88.23485,2005,2005-05-26,3.5
urbana_il,40.05325,-88.23485,2005,2005-05-26,4.5
urbana_il,40.05325,-88.23485,2005,2005-05-26,2.25
urbana_il,40.05325,-88.23485,2005,2005-05-26,2.75
urbana_il,40.05325,-88.23485,2005,2005-05-26,3.25
urbana_il,40.05325,-88.23485,2005,2005-05-26,3.75
urbana_il,40.05325,-88.23485,2005,2005-05-26,4.25
urbana_il,40.05325,-88.23485,2005,2005-05-26,4.75
urbana_il,40.05325,-88.23485,2006,2006-05-26,2.5
urbana_il,40.05325,-88.23485,2006,2006-05-26,3.5
urbana_il,40.05325,-88.23485,2006,2006-05-26,3.25
urbana_il,40.05325,-88.23485,2006,2006-05-26,3.75
urbana_il,40.05325,-88.23485,2006,2006-05-26,2.75
urbana_il,40.05325,-88.23485,2006,2006-05-26,2.25
urbana_il,40.05325,-88.23485,2006,2006-05-26,4.5
urbana_il,40.05325,-88.23485,2006,2006-05-26,4.75
urbana_il,40.05325,-88.23485,2006,2006-05-26,4.25
urbana_il,40.05325,-88.23485,2007,2007-05-26,2.5
urbana_il,40.05325,-88.23485,2007,2007-05-26,3.5
urbana_il,40.05325,-88.23485,2007,2007-05-26,2.25
urbana_il,40.05325,-88.23485,2007,2007-05-26,2.75
urbana_il,40.05325,-88.23485,2007,2007-05-26,3.25
urbana_il,40.05325,-88.23485,2007,2007-05-26,3.75
urbana_il,40.05325,-88.23485,2007,2007-05-26,4.5
urbana_il,40.05325,-88.23485,2007,2007-05-26,4.25
urbana_il,40.05325,-88.23485,2007,2007-05-26,4.75
urbana_il,40.05325,-88.23485,2008,2008-05-25,2.5
urbana_il,40.05325,-88.23485,2008,2008-05-25,3.5
urbana_il,40.05325,-88.23485,2008,2008-05-25,2.25
urbana_il,40.05325,-88.23485,2008,2008-05-25,2.75
urbana_il,40.05325,-88.23485,2008,2008-05-25,3.25
urbana_il,40.05325,-88.23485,2008,2008-05-25,3.75
urbana_il,40.05325,-88.23485,2008,2008-05-25,4.5
urbana_il,40.05325,-88.23485,2008,2008-05-25,4.25
urbana_il,40.05325,-88.23485,2009,2009-05-26,2.5
urbana_il,40.05325,-88.23485,2009,2009-05-26,3.5
urbana_il,40.05325,-88.23485,2009,2009-05-26,4.5
urbana_il,40.05325,-88.23485,2009,2009-05-26,2.25
urbana_il,40.05325,-88.23485,2009,2009-05-26,2.75
urbana_il,40.05325,-88.23485,2009,2009-05-26,3.25
urbana_il,40.05325,-88.23485,2009,2009-05-26,3.75
urbana_il,40.05325,-88.23485,2009,2009-05-26,4.25
urbana_il,40.05325,-88.23485,2010,2010-05-26,2.5
urbana_il,40.05325,-88.23485,2010,2010-05-26,3.5
urbana_il,40.05325,-88.23485,2010,2010-05-26,4.5
urbana_il,40.05325,-88.23485,2010,2010-05-26,2.25
urbana_il,40.05325,-88.23485,2010,2010-05-26,2.75
urbana_il,40.05325,-88.23485,2010,2010-05-26,3.25
urbana_il,40.05325,-88.23485,2010,2010-05-26,3.75
urbana_il,40.05325,-88.23485,2010,2010-05-26,4.25
urbana_il,40.05325,-88.23485,2012,2012-05-25,2.5
urbana_il,40.05325,-88.23485,2012,2012-05-25,3.5
urbana_il,40.05325,-88.23485,2012,2012-05-25,4.5
urbana_il,40.05325,-88.23485,2012,2012-05-25,2.25
urbana_il,40.05325,-88.23485,2012,2012-05-25,2.75
urbana_il,40.05325,-88.23485,2012,2012-05-25,3.25
urbana_il,40.05325,-88.23485,2012,2012-05-25,3.75
urbana_il,40.05325,-88.23485,2013,2013-05-26,2.5
urbana_il,40.05325,-88.23485,2013,2013-05-26,3.5
urbana_il,40.05325,-88.23485,2013,2013-05-26,4.5
urbana_il,40.05325,-88.23485,2013,2013-05-26,2.25
urbana_il,40.05325,-88.23485,2013,2013-05-26,2.75
urbana_il,40.05325,-88.23485,2013,2013-05-26,3.25
urbana_il,40.05325,-88.23485,2013,2013-05-26,3.75
urbana_il,40.05325,-88.23485,2013,2013-05-26,4.25
urbana_il,40.05325,-88.23485,2014,2014-05-26,2.5
urbana_il,40.05325,-88.23485,2014,2014-05-26,3.5
urbana_il,40.05325,-88.23485,2014,2014-05-26,4.5
urbana_il,40.05325,-88.23485,2014,2014-05-26,2.25
urbana_il,40.05325,-88.23485,2014,2014-05-26,2.75
urbana_il,40.05325,-88.23485,2014,2014-05-26,3.25
urbana_il,40.05325,-88.23485,2014,2014-05-26,3.75
urbana_il,40.05325,-88.23485,2014,2014-05-26,4.25
urbana_il,40.05325,-88.23485,2015,2015-05-26,2.5
urbana_il,40.05325,-88.23485,2015,2015-05-26,3.5
urbana_il,40.05325,-88.23485,2015,2015-05-26,4.5
urbana_il,40.05325,-88.23485,2015,2015-05-26,2.25
urbana_il,40.05325,-88.23485,2015,2015-05-26,2.75
urbana_il,40.05325,-88.23485,2015,2015-05-26,3.75
urbana_il,40.05325,-88.23485,2015,2015-05-26,3.25
urbana_il,40.05325,-88.23485,2015,2015-05-26,4.25
urbana_il,40.05325,-88.23485,2015,2015-05-26,4.75
urbana_il,40.05325,-88.23485,2016,2016-05-23,2.5
urbana_il,40.05325,-88.23485,2016,2016-05-23,3.5
urbana_il,40.05325,-88.23485,2016,2016-05-24,4.5
urbana_il,40.05325,-88.23485,2016,2016-05-23,2.25
urbana_il,40.05325,-88.23485,2016,2016-05-23,2.75
urbana_il,40.05325,-88.23485,2016,2016-05-23,3.75
urbana_il,40.05325,-88.23485,2016,2016-05-23,3.25
urbana_il,40.05325,-88.23485,2016,2016-05-21,3.5
urbana_il,40.05325,-88.23485,2016,2016-05-21,3.75
urbana_il,40.05325,-88.23485,2016,2016-05-21,3.25
urbana_il,40.05325,-88.23485,2016,2016-05-21,2.25
urbana_il,40.05325,-88.23485,2016,2016-05-21,2.5
urbana_il,40.05325,-88.23485,2016,2016-05-21,2.75
urbana_il,40.05325,-88.23485,2016,2016-05-24,4.75
urbana_il,40.05325,-88.23485,2016,2016-05-24,4.25
urbana_il,40.05325,-88.23485,2016,2016-05-21,4.25
urbana_il,40.05325,-88.23485,2016,2016-05-21,4.5
urbana_il,40.05325,-88.23485,2016,2016-05-21,4.75
urbana_il,40.05325,-88.23485,2017,2017-05-16,2.5
urbana_il,40.05325,-88.23485,2017,2017-05-16,3.5
urbana_il,40.05325,-88.23485,2017,2017-05-16,4.5
urbana_il,40.05325,-88.23485,2017,2017-05-16,2.25
urbana_il,40.05325,-88.23485,2017,2017-05-16,2.75
urbana_il,40.05325,-88.23485,2017,2017-05-16,3.75
urbana_il,40.05325,-88.23485,2017,2017-05-16,3.25
urbana_il,40.05325,-88.23485,2017,2017-05-15,3.5
urbana_il,40.05325,-88.23485,2017,2017-05-15,3.75
urbana_il,40.05325,-88.23485,2017,2017-05-15,2.25
urbana_il,40.05325,-88.23485,2017,2017-05-15,2.75
urbana_il,40.05325,-88.23485,2017,2017-05-15,2.5
urbana_il,40.05325,-88.23485,2017,2017-05-16,4.75
urbana_il,40.05325,-88.23485,2017,2017-05-16,4.25
urbana_il,40.05325,-88.23485,2017,2017-05-15,4.25
urbana_il,40.05325,-88.23485,2017,2017-05-15,4.5
urbana_il,40.05325,-88.23485,2017,2017-05-15,4.75
urbana_il,40.05325,-88.23485,2018,2018-05-07,2.5
urbana_il,40.05325,-88.23485,2018,2018-05-07,3.5
urbana_il,40.05325,-88.23485,2018,2018-05-08,4.5
urbana_il,40.05325,-88.23485,2018,2018-05-07,3.75
urbana_il,40.05325,-88.23485,2018,2018-05-07,3.25
urbana_il,40.05325,-88.23485,2018,2018-05-07,2.25
urbana_il,40.05325,-88.23485,2018,2018-05-07,2.75
urbana_il,40.05325,-88.23485,2018,2018-05-08,4.75
urbana_il,40.05325,-88.23485,2018,2018-05-08,4.25
urbana_il,40.05325,-88.23485,2018,2018-05-07,4.5
urbana_il,40.05325,-88.23485,2018,2018-05-07,4.75
urbana_il,40.05325,-88.23485,2019,2019-06-05,2.5
urbana_il,40.05325,-88.23485,2019,2019-06-05,2.25
urbana_il,40.05325,-88.23485,2019,2019-06-05,2.75
urbana_il,40.05325,-88.23485,2019,2019-06-05,3.5
urbana_il,40.05325,-88.23485,2019,2019-06-05,3.75
urbana_il,40.05325,-88.23485,2019,2019-06-05,3.25
urbana_il,40.05325,-88.23485,2019,2019-06-05,4.5
urbana_il,40.05325,-88.23485,2019,2019-06-05,4.75
urbana_il,40.05325,-88.23485,2019,2019-06-05,4.25
urbana_il,40.05325,-88.23485,2019,2019-05-31,3.5
urbana_il,40.05325,-88.23485,2019,2019-05-31,3.75
urbana_il,40.05325,-88.23485,2019,2019-05-31,3.25
urbana_il,40.05325,-88.23485,2019,2019-05-31,2.5
urbana_il,40.05325,-88.23485,2019,2019-05-31,2.25
urbana_il,40.05325,-88.23485,2019,2019-05-31,2.75
urbana_il,40.05325,-88.23485,2019,2019-05-31,4.5
urbana_il,40.05325,-88.23485,2019,2019-05-31,4.75
urbana_il,40.05325,-88.23485,2019,2019-05-31,4.25
urbana_il,40.05325,-88.23485,2020,2020-06-01,2.5
urbana_il,40.05325,-88.23485,2020,2020-06-01,2.25
urbana_il,40.05325,-88.23485,2020,2020-06-01,2.75
urbana_il,40.05325,-88.23485,2020,2020-05-25,3.5
urbana_il,40.05325,-88.23485,2020,2020-05-25,3.25
urbana_il,40.05325,-88.23485,2020,2020-06-01,3.5
urbana_il,40.05325,-88.23485,2020,2020-06-01,3.25
urbana_il,40.05325,-88.23485,2020,2020-05-12,4.5
urbana_il,40.05325,-88.23485,2020,2020-05-12,4.75
urbana_il,40.05325,-88.23485,2020,2020-05-12,4.25
urbana_il,40.05325,-88.23485,2021,2021-05-24,2.5
urbana_il,40.05325,-88.23485,2021,2021-05-24,2.25
urbana_il,40.05325,-88.23485,2021,2021-05-24,2.75
urbana_il,40.05325,-88.23485,2021,2021-05-24,3.75
urbana_il,40.05325,-88.23485,2021,2021-05-24,3.5
urbana_il,40.05325,-88.23485,2021,2021-05-24,3.25
urbana_il,40.05325,-88.23485,2021,2021-05-15,3.25
urbana_il,40.05325,-88.23485,2021,2021-05-15,3.75
urbana_il,40.05325,-88.23485,2021,2021-05-15,3.5
urbana_il,40.05325,-88.23485,2021,2021-05-15,2.25
urbana_il,40.05325,-88.23485,2021,2021-05-15,2.5
urbana_il,40.05325,-88.23485,2021,2021-05-15,2.75
urbana_il,40.05325,-88.23485,2021,2021-04-21,4.5
urbana_il,40.05325,-88.23485,2021,2021-04-21,4.75
urbana_il,40.05325,-88.23485,2021,2021-04-21,4.25
urbana_il,40.05325,-88.23485,2021,2021-05-24,4.5
urbana_il,40.05325,-88.23485,2021,2021-05-24,4.75
urbana_il,40.05325,-88.23485,2021,2021-05-24,4.25
urbana_il,40.05325,-88.23485,2021,2021-05-15,4.5
urbana_il,40.05325,-88.23485,2021,2021-05-15,4.25
urbana_il,40.05325,-88.23485,2022,2022-05-17,2.5
urbana_il,40.05325,-88.23485,2022,2022-05-17,3.5
urbana_il,40.05325,-88.23485,2022,2022-05-17,3.25
urbana_il,40.05325,-88.23485,2022,2022-05-17,3.75
urbana_il,40.05325,-88.23485,2022,2022-05-17,2.25
urbana_il,40.05325,-88.23485,2022,2022-05-17,4.5
urbana_il,40.05325,-88.23485,2022,2022-05-17,4.75
urbana_il,40.05325,-88.23485,2023,2023-05-15,2.5
urbana_il,40.05325,-88.23485,2023,2023-05-15,2.25
urbana_il,40.05325,-88.23485,2023,2023-05-15,2.75
urbana_il,40.05325,-88.23485,2023,2023-05-15,3.5
urbana_il,40.05325,-88.23485,2023,2023-05-15,3.75
urbana_il,40.05325,-88.23485,2023,2023-05-15,3.25
urbana_il,40.05325,-88.23485,2023,2023-05-05,3.25
urbana_il,40.05325,-88.23485,2023,2023-05-05,3.75
urbana_il,40.05325,-88.23485,2023,2023-05-05,3.5
urbana_il,40.05325,-88.23485,2023,2023-05-15,4.5
urbana_il,40.05325,-88.23485,2023,2023-05-15,4.75
urbana_il,40.05325,-88.23485,2023,2023-05-15,4.25
urbana_il,40.05325,-88.23485,2023,2023-05-05,2.5
urbana_il,40.05325,-88.23485,2023,2023-05-05,2.25
urbana_il,40.05325,-88.23485,2023,2023-05-05,2.75
urbana_il,40.05325,-88.23485,2023,2023-05-05,4.5
urbana_il,40.05325,-88.23485,2023,2023-05-05,4.75
urbana_il,40.05325,-88.23485,2023,2023-05-05,4.25
urbana_il,40.05325,-88.23485,2024,2024-05-22,2.5
urbana_il,40.05325,-88.23485,2024,2024-05-22,3.5
urbana_il,40.05325,-88.23485,2024,2024-05-22,4.5
vincennes_in,38.6759,-87.5102,1993,1993-05-27,4.5
vincennes_in,38.6759,-87.5102,1994,1994-05-27,4.5
vincennes_in,38.6759,-87.5102,1994,1994-05-27,4.25
vincennes_in,38.6759,-87.5102,1994,1994-05-27,4.75
volga_sd,44.3239,-96.9225,2012,2012-05-20,0.5
volga_sd,44.3239,-96.9225,2012,2012-05-20,1.5
volga_sd,44.3239,-96.9225,2012,2012-05-20,2.5
volga_sd,44.3239,-96.9225,2012,2012-05-20,0.25
volga_sd,44.3239,-96.9225,2012,2012-05-20,0.75
volga_sd,44.3239,-96.9225,2012,2012-05-20,1.75
volga_sd,44.3239,-96.9225,2012,2012-05-20,1.25
volga_sd,44.3239,-96.9225,2012,2012-05-20,2.25
volga_sd,44.3239,-96.9225,2012,2012-05-20,2.75
volga_sd,44.3239,-96.9225,2013,2013-05-21,0.5
volga_sd,44.3239,-96.9225,2013,2013-05-21,1.5
volga_sd,44.3239,-96.9225,2013,2013-05-21,2.5
volga_sd,44.3239,-96.9225,2013,2013-05-21,0.25
volga_sd,44.3239,-96.9225,2013,2013-05-21,0.75
volga_sd,44.3239,-96.9225,2013,2013-05-21,1.75
volga_sd,44.3239,-96.9225,2013,2013-05-21,1.25
volga_sd,44.3239,-96.9225,2013,2013-05-21,2.25
volga_sd,44.3239,-96.9225,2013,2013-05-21,2.75
wanatah_in,41.4444,-86.9437,2002,2002-05-25,1.5
wanatah_in,41.4444,-86.9437,2002,2002-05-25,1.75
wanatah_in,41.4444,-86.9437,2002,2002-05-25,1.25
wanatah_in,41.4444,-86.9437,2003,2003-05-25,2.5
wanatah_in,41.4444,-86.9437,2004,2004-05-24,2.5
wanatah_in,41.4444,-86.9437,2004,2004-05-24,1.5
wanatah_in,41.4444,-86.9437,2004,2004-05-24,1.75
wanatah_in,41.4444,-86.9437,2004,2004-05-24,1.25
wanatah_in,41.4444,-86.9437,2004,2004-05-24,2.25
wanatah_in,41.4444,-86.9437,2004,2004-05-24,2.75
wanatah_in,41.4444,-86.9437,2004,2004-05-24,3.5
wanatah_in,41.4444,-86.9437,2004,2004-05-24,3.25
wanatah_in,41.4444,-86.9437,2004,2004-05-24,3.75
wanatah_in,41.4444,-86.9437,2005,2005-05-25,2.5
wanatah_in,41.4444,-86.9437,2005,2005-05-25,1.5
wanatah_in,41.4444,-86.9437,2005,2005-05-25,1.75
wanatah_in,41.4444,-86.9437,2005,2005-05-25,1.25
wanatah_in,41.4444,-86.9437,2005,2005-05-25,2.25
wanatah_in,41.4444,-86.9437,2005,2005-05-25,2.75
wanatah_in,41.4444,-86.9437,2005,2005-05-25,3.5
wanatah_in,41.4444,-86.9437,2005,2005-05-25,3.25
wanatah_in,41.4444,-86.9437,2005,2005-05-25,3.75
wanatah_in,41.4444,-86.9437,2006,2006-05-25,2.5
wanatah_in,41.4444,-86.9437,2006,2006-05-25,1.5
wanatah_in,41.4444,-86.9437,2006,2006-05-25,1.75
wanatah_in,41.4444,-86.9437,2006,2006-05-25,1.25
wanatah_in,41.4444,-86.9437,2006,2006-05-25,2.75
wanatah_in,41.4444,-86.9437,2006,2006-05-25,3.5
wanatah_in,41.4444,-86.9437,2006,2006-05-25,3.25
wanatah_in,41.4444,-86.9437,2006,2006-05-25,3.75
wanatah_in,41.4444,-86.9437,2006,2006-05-25,2.25
wanatah_in,41.4444,-86.9437,2007,2007-05-25,1.5
wanatah_in,41.4444,-86.9437,2007,2007-05-25,1.75
wanatah_in,41.4444,-86.9437,2007,2007-05-25,1.25
wanatah_in,41.4444,-86.9437,2007,2007-05-25,2.5
wanatah_in,41.4444,-86.9437,2007,2007-05-25,2.25
wanatah_in,41.4444,-86.9437,2007,2007-05-25,2.75
wanatah_in,41.4444,-86.9437,2007,2007-05-25,3.5
wanatah_in,41.4444,-86.9437,2007,2007-05-25,3.25
wanatah_in,41.4444,-86.9437,2007,2007-05-25,3.75
wanatah_in,41.4444,-86.9437,2008,2008-05-24,3.5
wanatah_in,41.4444,-86.9437,2008,2008-05-24,2.5
wanatah_in,41.4444,-86.9437,2008,2008-05-24,1.75
wanatah_in,41.4444,-86.9437,2008,2008-05-24,1.5
wanatah_in,41.4444,-86.9437,2008,2008-05-24,1.25
wanatah_in,41.4444,-86.9437,2008,2008-05-24,2.25
wanatah_in,41.4444,-86.9437,2008,2008-05-24,2.75
wanatah_in,41.4444,-86.9437,2008,2008-05-24,3.25
wanatah_in,41.4444,-86.9437,2008,2008-05-24,3.75
wanatah_in,41.4444,-86.9437,2009,2009-05-25,1.5
wanatah_in,41.4444,-86.9437,2009,2009-05-25,1.75
wanatah_in,41.4444,-86.9437,2009,2009-05-25,1.25
wanatah_in,41.4444,-86.9437,2009,2009-05-25,2.5
wanatah_in,41.4444,-86.9437,2009,2009-05-25,2.25
wanatah_in,41.4444,-86.9437,2009,2009-05-25,2.75
wanatah_in,41.4444,-86.9437,2009,2009-05-25,3.5
wanatah_in,41.4444,-86.9437,2009,2009-05-25,3.25
wanatah_in,41.4444,-86.9437,2009,2009-05-25,3.75
wanatah_in,41.4444,-86.9437,2010,2010-05-25,1.5
wanatah_in,41.4444,-86.9437,2010,2010-05-25,1.75
wanatah_in,41.4444,-86.9437,2010,2010-05-25,1.25
wanatah_in,41.4444,-86.9437,2010,2010-05-25,2.5
wanatah_in,41.4444,-86.9437,2010,2010-05-25,2.25
wanatah_in,41.4444,-86.9437,2010,2010-05-25,2.75
wanatah_in,41.4444,-86.9437,2010,2010-05-25,3.5
wanatah_in,41.4444,-86.9437,2010,2010-05-25,3.25
wanatah_in,41.4444,-86.9437,2010,2010-05-25,3.75
wanatah_in,41.4444,-86.9437,2012,2012-05-24,1.5
wanatah_in,41.4444,-86.9437,2012,2012-05-24,1.75
wanatah_in,41.4444,-86.9437,2012,2012-05-24,1.25
wanatah_in,41.4444,-86.9437,2012,2012-05-24,2.5
wanatah_in,41.4444,-86.9437,2012,2012-05-24,2.25
wanatah_in,41.4444,-86.9437,2012,2012-05-24,2.75
wanatah_in,41.4444,-86.9437,2012,2012-05-24,3.5
wanatah_in,41.4444,-86.9437,2012,2012-05-24,3.25
wanatah_in,41.4444,-86.9437,2012,2012-05-24,3.75
wanatah_in,41.4444,-86.9437,2015,2015-05-25,1.5
wanatah_in,41.4444,-86.9437,2015,2015-05-25,1.75
wanatah_in,41.4444,-86.9437,2015,2015-05-25,1.25
wanatah_in,41.4444,-86.9437,2015,2015-05-25,2.5
wanatah_in,41.4444,-86.9437,2015,2015-05-25,2.25
wanatah_in,41.4444,-86.9437,2015,2015-05-25,2.75
wanatah_in,41.4444,-86.9437,2015,2015-05-25,3.5
wanatah_in,41.4444,-86.9437,2015,2015-05-25,3.25
wanatah_in,41.4444,-86.9437,2015,2015-05-25,3.75
wanatah_in,41.4444,-86.9437,2017,2017-05-30,2.25
wanatah_in,41.4444,-86.9437,2017,2017-05-30,2.75
wanatah_in,41.4444,-86.9437,2017,2017-05-30,2.5
wanatah_in,41.4444,-86.9437,2017,2017-05-30,1.25
wanatah_in,41.4444,-86.9437,2017,2017-05-30,1.5
wanatah_in,41.4444,-86.9437,2017,2017-05-30,1.75
wanatah_in,41.4444,-86.9437,2018,2018-05-25,3.5
wanatah_in,41.4444,-86.9437,2018,2018-05-25,3.75
wanatah_in,41.4444,-86.9437,2018,2018-05-25,3.25
wanatah_in,41.4444,-86.9437,2018,2018-05-25,2.5
wanatah_in,41.4444,-86.9437,2018,2018-05-25,2.25
wanatah_in,41.4444,-86.9437,2018,2018-05-25,2.75
wanatah_in,41.4444,-86.9437,2018,2018-05-25,1.5
wanatah_in,41.4444,-86.9437,2018,2018-05-25,1.75
wanatah_in,41.4444,-86.9437,2019,2019-06-03,3.5
wanatah_in,41.4444,-86.9437,2019,2019-06-03,2.5
wanatah_in,41.4444,-86.9437,2019,2019-06-03,1.5
wanatah_in,41.4444,-86.9437,2019,2019-06-03,1.25
wanatah_in,41.4444,-86.9437,2019,2019-06-03,1.75
wanatah_in,41.4444,-86.9437,2020,2020-06-01,1.5
wanatah_in,41.4444,-86.9437,2020,2020-06-01,1.75
wanatah_in,41.4444,-86.9437,2020,2020-06-01,2.5
wanatah_in,41.4444,-86.9437,2020,2020-06-01,2.25
wanatah_in,41.4444,-86.9437,2020,2020-06-01,2.75
wanatah_in,41.4444,-86.9437,2020,2020-06-01,3.5
wanatah_in,41.4444,-86.9437,2020,2020-06-01,3.25
wanatah_in,41.4444,-86.9437,2021,2021-05-20,1.5
wanatah_in,41.4444,-86.9437,2021,2021-05-20,1.75
wanatah_in,41.4444,-86.9437,2021,2021-05-20,2.5
wanatah_in,41.4444,-86.9437,2021,2021-05-20,2.25
wanatah_in,41.4444,-86.9437,2021,2021-05-20,2.75
wanatah_in,41.4444,-86.9437,2021,2021-05-20,3.5
wanatah_in,41.4444,-86.9437,2021,2021-05-20,3.75
wanatah_in,41.4444,-86.9437,2021,2021-05-20,3.25
wanatah_in,41.4444,-86.9437,2022,2022-05-17,1.5
wanatah_in,41.4444,-86.9437,2022,2022-05-17,1.25
wanatah_in,41.4444,-86.9437,2022,2022-05-17,2.5
wanatah_in,41.4444,-86.9437,2022,2022-05-17,3.5
wanatah_in,41.4444,-86.9437,2022,2022-05-17,3.25
wanatah_in,41.4444,-86.9437,2022,2022-05-17,3.75
wanatah_in,41.4444,-86.9437,2022,2022-05-17,2.25
wanatah_in,41.4444,-86.9437,2023,2023-05-05,1.5
wanatah_in,41.4444,-86.9437,2023,2023-05-05,1.75
wanatah_in,41.4444,-86.9437,2023,2023-05-05,2.5
wanatah_in,41.4444,-86.9437,2023,2023-05-05,2.25
wanatah_in,41.4444,-86.9437,2023,2023-05-05,2.75
wanatah_in,41.4444,-86.9437,2023,2023-05-05,3.5
wanatah_in,41.4444,-86.9437,2023,2023-05-05,3.75
wanatah_in,41.4444,-86.9437,2023,2023-05-05,3.25
wanatah_in,41.4444,-86.9437,2023,2023-05-05,1.25
wanatah_in,41.4444,-86.9437,2024,2024-05-06,1.5
wanatah_in,41.4444,-86.9437,2024,2024-05-06,2.5
wanatah_in,41.4444,-86.9437,2024,2024-05-06,3.5
waseca_mn,44.07345,-93.53225,1995,1995-05-22,1.5
waseca_mn,44.07345,-93.53225,1996,1996-05-21,1.5
waseca_mn,44.07345,-93.53225,1998,1998-05-22,1.5
waseca_mn,44.07345,-93.53225,1999,1999-05-22,1.5
waseca_mn,44.07345,-93.53225,1999,1999-05-22,1.75
waseca_mn,44.07345,-93.53225,1999,1999-05-22,1.25
waseca_mn,44.07345,-93.53225,2000,2000-05-21,1.5
waseca_mn,44.07345,-93.53225,2000,2000-05-21,1.75
waseca_mn,44.07345,-93.53225,2000,2000-05-21,1.25
waseca_mn,44.07345,-93.53225,2001,2001-05-22,1.5
waseca_mn,44.07345,-93.53225,2001,2001-05-22,1.75
waseca_mn,44.07345,-93.53225,2001,2001-05-22,1.25
waseca_mn,44.07345,-93.53225,2002,2002-05-22,1.5
waseca_mn,44.07345,-93.53225,2003,2003-05-22,1.5
waseca_mn,44.07345,-93.53225,2004,2004-05-21,1.5
waseca_mn,44.07345,-93.53225,2004,2004-05-21,1.75
waseca_mn,44.07345,-93.53225,2004,2004-05-21,1.25
waseca_mn,44.07345,-93.53225,2004,2004-05-21,2.5
waseca_mn,44.07345,-93.53225,2004,2004-05-21,2.25
waseca_mn,44.07345,-93.53225,2004,2004-05-21,2.75
waseca_mn,44.07345,-93.53225,2005,2005-05-22,1.5
waseca_mn,44.07345,-93.53225,2005,2005-05-22,1.75
waseca_mn,44.07345,-93.53225,2005,2005-05-22,1.25
waseca_mn,44.07345,-93.53225,2005,2005-05-22,2.25
waseca_mn,44.07345,-93.53225,2005,2005-05-22,2.75
waseca_mn,44.07345,-93.53225,2005,2005-05-22,2.5
waseca_mn,44.07345,-93.53225,2006,2006-05-22,1.5
waseca_mn,44.07345,-93.53225,2006,2006-05-22,1.75
waseca_mn,44.07345,-93.53225,2006,2006-05-22,1.25
waseca_mn,44.07345,-93.53225,2006,2006-05-22,2.5
waseca_mn,44.07345,-93.53225,2006,2006-05-22,2.75
waseca_mn,44.07345,-93.53225,2007,2007-05-22,1.5
waseca_mn,44.07345,-93.53225,2007,2007-05-22,1.75
waseca_mn,44.07345,-93.53225,2007,2007-05-22,1.25
waseca_mn,44.07345,-93.53225,2007,2007-05-22,2.5
waseca_mn,44.07345,-93.53225,2007,2007-05-22,2.25
waseca_mn,44.07345,-93.53225,2007,2007-05-22,2.75
waseca_mn,44.07345,-93.53225,2008,2008-05-21,1.5
waseca_mn,44.07345,-93.53225,2008,2008-05-21,1.75
waseca_mn,44.07345,-93.53225,2008,2008-05-21,1.25
waseca_mn,44.07345,-93.53225,2008,2008-05-21,2.5
waseca_mn,44.07345,-93.53225,2008,2008-05-21,2.25
waseca_mn,44.07345,-93.53225,2008,2008-05-21,2.75
waseca_mn,44.07345,-93.53225,2009,2009-05-22,1.5
waseca_mn,44.07345,-93.53225,2009,2009-05-22,1.75
waseca_mn,44.07345,-93.53225,2009,2009-05-22,1.25
waseca_mn,44.07345,-93.53225,2009,2009-05-22,2.5
waseca_mn,44.07345,-93.53225,2009,2009-05-22,2.25
waseca_mn,44.07345,-93.53225,2009,2009-05-22,2.75
waseca_mn,44.07345,-93.53225,2010,2010-05-22,1.5
waseca_mn,44.07345,-93.53225,2010,2010-05-22,1.75
waseca_mn,44.07345,-93.53225,2010,2010-05-22,1.25
waseca_mn,44.07345,-93.53225,2010,2010-05-22,2.5
waseca_mn,44.07345,-93.53225,2010,2010-05-22,2.25
waseca_mn,44.07345,-93.53225,2010,2010-05-22,2.75
waseca_mn,44.07345,-93.53225,2011,2011-05-22,1.5
waseca_mn,44.07345,-93.53225,2011,2011-05-22,1.75
waseca_mn,44.07345,-93.53225,2011,2011-05-22,1.25
waseca_mn,44.07345,-93.53225,2011,2011-05-22,2.5
waseca_mn,44.07345,-93.53225,2011,2011-05-22,2.25
waseca_mn,44.07345,-93.53225,2011,2011-05-22,2.75
waseca_mn,44.07345,-93.53225,2012,2012-05-21,1.5
waseca_mn,44.07345,-93.53225,2012,2012-05-21,1.75
waseca_mn,44.07345,-93.53225,2012,2012-05-21,1.25
waseca_mn,44.07345,-93.53225,2012,2012-05-21,2.5
waseca_mn,44.07345,-93.53225,2012,2012-05-21,2.25
waseca_mn,44.07345,-93.53225,2012,2012-05-21,2.75
waseca_mn,44.07345,-93.53225,2013,2013-05-22,1.5
waseca_mn,44.07345,-93.53225,2013,2013-05-22,1.75
waseca_mn,44.07345,-93.53225,2013,2013-05-22,1.25
waseca_mn,44.07345,-93.53225,2013,2013-05-22,2.5
waseca_mn,44.07345,-93.53225,2013,2013-05-22,2.25
waseca_mn,44.07345,-93.53225,2013,2013-05-22,2.75
waseca_mn,44.07345,-93.53225,2015,2015-05-22,1.5
waseca_mn,44.07345,-93.53225,2015,2015-05-22,1.75
waseca_mn,44.07345,-93.53225,2015,2015-05-22,1.25
waseca_mn,44.07345,-93.53225,2015,2015-05-22,2.25
waseca_mn,44.07345,-93.53225,2015,2015-05-22,2.5
waseca_mn,44.07345,-93.53225,2015,2015-05-22,2.75
waseca_mn,44.07345,-93.53225,2016,2016-05-21,1.5
waseca_mn,44.07345,-93.53225,2016,2016-06-02,2.5
waseca_mn,44.07345,-93.53225,2016,2016-06-02,1.75
waseca_mn,44.07345,-93.53225,2016,2016-06-02,1.5
waseca_mn,44.07345,-93.53225,2016,2016-06-02,1.25
waseca_mn,44.07345,-93.53225,2016,2016-06-02,2.25
waseca_mn,44.07345,-93.53225,2016,2016-06-02,2.75
waseca_mn,44.07345,-93.53225,2017,2017-05-31,2.5
waseca_mn,44.07345,-93.53225,2017,2017-05-31,2.25
waseca_mn,44.07345,-93.53225,2017,2017-05-31,2.75
waseca_mn,44.07345,-93.53225,2018,2018-05-17,2.5
waseca_mn,44.07345,-93.53225,2018,2018-05-17,2.25
waseca_mn,44.07345,-93.53225,2018,2018-05-17,2.75
waseca_mn,44.07345,-93.53225,2020,2020-05-07,1.5
waseca_mn,44.07345,-93.53225,2020,2020-05-07,1.75
waseca_mn,44.07345,-93.53225,2021,2021-05-10,1.5
waseca_mn,44.07345,-93.53225,2021,2021-05-10,1.75
waseca_mn,44.07345,-93.53225,2021,2021-05-10,1.25
waseca_mn,44.07345,-93.53225,2022,2022-05-16,1.5
waseca_mn,44.07345,-93.53225,2022,2022-05-16,1.25
waseca_mn,44.07345,-93.53225,2023,2023-05-22,1.5
waseca_mn,44.07345,-93.53225,2023,2023-05-22,1.75
waseca_mn,44.07345,-93.53225,2023,2023-05-22,1.25
waseca_mn,44.07345,-93.53225,2024,2024-05-20,1.5
watertown_sd,44.9096,-97.1539,1994,1994-05-21,0.25
watertown_sd,44.9096,-97.1539,1994,1994-05-21,0.5
watertown_sd,44.9096,-97.1539,1994,1994-05-21,0.75
watertown_sd,44.9096,-97.1539,1994,1994-05-21,1.5
watertown_sd,44.9096,-97.1539,1994,1994-05-21,1.25
watertown_sd,44.9096,-97.1539,1994,1994-05-21,1.75
watertown_sd,44.9096,-97.1539,1995,1995-05-21,0.25
watertown_sd,44.9096,-97.1539,1995,1995-05-21,0.5
watertown_sd,44.9096,-97.1539,1995,1995-05-21,0.75
watertown_sd,44.9096,-97.1539,1995,1995-05-21,1.5
watertown_sd,44.9096,-97.1539,1995,1995-05-21,1.25
watertown_sd,44.9096,-97.1539,1995,1995-05-21,1.75
watertown_sd,44.9096,-97.1539,1996,1996-05-20,0.25
watertown_sd,44.9096,-97.1539,1996,1996-05-20,0.5
watertown_sd,44.9096,-97.1539,1996,1996-05-20,0.75
watertown_sd,44.9096,-97.1539,1997,1997-05-21,0.25
watertown_sd,44.9096,-97.1539,1997,1997-05-21,0.5
watertown_sd,44.9096,-97.1539,1997,1997-05-21,0.75
watertown_sd,44.9096,-97.1539,1998,1998-05-21,0.25
watertown_sd,44.9096,-97.1539,1998,1998-05-21,0.5
watertown_sd,44.9096,-97.1539,1998,1998-05-21,0.75
watertown_sd,44.9096,-97.1539,1998,1998-05-21,1.5
watertown_sd,44.9096,-97.1539,1998,1998-05-21,1.25
watertown_sd,44.9096,-97.1539,1998,1998-05-21,1.75
watertown_sd,44.9096,-97.1539,2000,2000-05-20,0.5
watertown_sd,44.9096,-97.1539,2003,2003-05-21,0.5
watertown_sd,44.9096,-97.1539,2003,2003-05-21,1.5
watertown_sd,44.9096,-97.1539,2004,2004-05-20,0.5
watertown_sd,44.9096,-97.1539,2004,2004-05-20,0.25
watertown_sd,44.9096,-97.1539,2004,2004-05-20,0.75
watertown_sd,44.9096,-97.1539,2005,2005-05-21,0.5
watertown_sd,44.9096,-97.1539,2005,2005-05-21,0.25
watertown_sd,44.9096,-97.1539,2005,2005-05-21,0.75
watertown_sd,44.9096,-97.1539,2005,2005-05-21,1.5
watertown_sd,44.9096,-97.1539,2005,2005-05-21,1.75
watertown_sd,44.9096,-97.1539,2005,2005-05-21,1.25
watertown_sd,44.9096,-97.1539,2006,2006-05-21,1.5
watertown_sd,44.9096,-97.1539,2006,2006-05-21,0.5
watertown_sd,44.9096,-97.1539,2006,2006-05-21,0.25
watertown_sd,44.9096,-97.1539,2006,2006-05-21,0.75
watertown_sd,44.9096,-97.1539,2006,2006-05-21,1.75
watertown_sd,44.9096,-97.1539,2006,2006-05-21,1.25
watertown_sd,44.9096,-97.1539,2007,2007-05-21,0.5
watertown_sd,44.9096,-97.1539,2007,2007-05-21,1.5
watertown_sd,44.9096,-97.1539,2007,2007-05-21,0.25
watertown_sd,44.9096,-97.1539,2007,2007-05-21,0.75
watertown_sd,44.9096,-97.1539,2007,2007-05-21,1.75
watertown_sd,44.9096,-97.1539,2007,2007-05-21,1.25
watertown_sd,44.9096,-97.1539,2010,2010-05-21,1.5
westbrook_mn,44.0258,-95.3444,2013,2013-05-22,2.25
westbrook_mn,44.0258,-95.3444,2013,2013-05-22,2.5
westbrook_mn,44.0258,-95.3444,2013,2013-05-22,2.75
westbrook_mn,44.0258,-95.3444,2014,2014-05-22,2.25
westbrook_mn,44.0258,-95.3444,2014,2014-05-22,2.5
westbrook_mn,44.0258,-95.3444,2014,2014-05-22,2.75
westbrook_mn,44.0258,-95.3444,2015,2015-05-22,2.25
westbrook_mn,44.0258,-95.3444,2015,2015-05-22,2.5
westbrook_mn,44.0258,-95.3444,2015,2015-05-22,2.75
westbrook_mn,44.0258,-95.3444,2022,2022-05-22,1.25
westbrook_mn,44.0258,-95.3444,2022,2022-05-22,1.5
westlafayette_in,40.4806,-87.004125,2020,2020-06-02,1.5
westlafayette_in,40.4806,-87.004125,2020,2020-06-02,1.75
westlafayette_in,40.4806,-87.004125,2020,2020-06-02,2.5
westlafayette_in,40.4806,-87.004125,2020,2020-06-02,2.25
westlafayette_in,40.4806,-87.004125,2020,2020-06-02,2.75
westlafayette_in,40.4806,-87.004125,2020,2020-05-25,3.5
westlafayette_in,40.4806,-87.004125,2020,2020-05-25,3.25
westlafayette_in,40.4806,-87.004125,2020,2020-06-02,3.5
westlafayette_in,40.4806,-87.004125,2020,2020-06-02,3.25
westlafayette_in,40.4806,-87.004125,2020,2020-06-02,4.5
westlafayette_in,40.4806,-87.004125,2020,2020-06-02,4.75
westlafayette_in,40.4806,-87.004125,2020,2020-06-02,4.25
westlafayette_in,40.4806,-87.004125,2021,2021-05-15,1.5
westlafayette_in,40.4806,-87.004125,2021,2021-05-15,1.75
westlafayette_in,40.4806,-87.004125,2021,2021-05-15,2.5
westlafayette_in,40.4806,-87.004125,2021,2021-05-15,2.25
westlafayette_in,40.4806,-87.004125,2021,2021-05-15,2.75
westlafayette_in,40.4806,-87.004125,2021,2021-05-15,3.75
westlafayette_in,40.4806,-87.004125,2021,2021-05-15,3.5
westlafayette_in,40.4806,-87.004125,2021,2021-05-15,3.25
westlafayette_in,40.4806,-87.004125,2021,2021-05-15,1.25
westlafayette_in,40.4806,-87.004125,2021,2021-05-15,4.5
westlafayette_in,40.4806,-87.004125,2021,2021-05-15,4.75
westlafayette_in,40.4806,-87.004125,2021,2021-05-15,4.25
westlafayette_in,40.4806,-87.004125,2022,2022-05-12,2.5
westlafayette_in,40.4806,-87.004125,2022,2022-05-12,3.5
westlafayette_in,40.4806,-87.004125,2022,2022-05-12,3.25
westlafayette_in,40.4806,-87.004125,2022,2022-05-12,3.75
westlafayette_in,40.4806,-87.004125,2022,2022-05-12,2.25
westlafayette_in,40.4806,-87.004125,2022,2022-05-12,4.5
westlafayette_in,40.4806,-87.004125,2022,2022-05-12,1.5
westlafayette_in,40.4806,-87.004125,2022,2022-05-12,1.25
westlafayette_in,40.4806,-87.004125,2022,2022-05-12,4.75
westlafayette_in,40.4806,-87.004125,2023,2023-05-23,2.5
westlafayette_in,40.4806,-87.004125,2023,2023-05-23,2.25
westlafayette_in,40.4806,-87.004125,2023,2023-05-23,2.75
westlafayette_in,40.4806,-87.004125,2023,2023-05-23,3.5
westlafayette_in,40.4806,-87.004125,2023,2023-05-23,3.75
westlafayette_in,40.4806,-87.004125,2023,2023-05-23,3.25
westlafayette_in,40.4806,-87.004125,2023,2023-05-24,4.5
westlafayette_in,40.4806,-87.004125,2023,2023-05-24,4.75
westlafayette_in,40.4806,-87.004125,2023,2023-05-24,4.25
westlafayette_in,40.4806,-87.004125,2023,2023-05-23,1.5
westlafayette_in,40.4806,-87.004125,2023,2023-05-23,1.75
westlafayette_in,40.4806,-87.004125,2023,2023-05-23,1.25
westlafayette_in,40.4806,-87.004125,2024,2024-05-08,2.5
westlafayette_in,40.4806,-87.004125,2024,2024-05-08,3.5
westlafayette_in,40.4806,-87.004125,2024,2024-05-08,4.5
westlafayette_in,40.4806,-87.004125,2024,2024-05-08,1.5
williamston_mi,42.652,-84.326,2020,2020-05-24,1.5
williamston_mi,42.652,-84.326,2020,2020-05-24,1.75
williamston_mi,42.652,-84.326,2020,2020-05-24,2.5
williamston_mi,42.652,-84.326,2020,2020-05-24,2.25
williamston_mi,42.652,-84.326,2020,2020-05-24,2.75
woodslee_ont,43.1427,-80.7957,1996,1996-05-22,2.5
woodslee_ont,43.1427,-80.7957,1996,1996-05-22,2.75
woodslee_ont,43.1427,-80.7957,1996,1996-05-22,2.25
woodslee_ont,43.1427,-80.7957,1998,1998-05-23,2.5
woodstock_ont,43.14542,-80.78348,1993,1993-05-23,0.25
woodstock_ont,43.14542,-80.78348,1993,1993-05-23,0.5
woodstock_ont,43.14542,-80.78348,1993,1993-05-23,0.75
woodstock_ont,43.14542,-80.78348,1994,1994-05-23,0.25
woodstock_ont,43.14542,-80.78348,1994,1994-05-23,0.5
woodstock_ont,43.14542,-80.78348,1994,1994-05-23,0.75
woodstock_ont,43.14542,-80.78348,1995,1995-05-23,0.25
woodstock_ont,43.14542,-80.78348,1995,1995-05-23,0.5
woodstock_ont,43.14542,-80.78348,1995,1995-05-23,0.75
woodstock_ont,43.14542,-80.78348,1996,1996-05-22,0.25
woodstock_ont,43.14542,-80.78348,1996,1996-05-22,0.5
woodstock_ont,43.14542,-80.78348,1996,1996-05-22,0.75
woodstock_ont,43.14542,-80.78348,2001,2001-05-23,0.5
woodstock_ont,43.14542,-80.78348,2001,2001-05-23,0.75
woodstock_ont,43.14542,-80.78348,2001,2001-05-23,0.25
woodstock_ont,43.14542,-80.78348,2002,2002-05-23,0.5
woodstock_ont,43.14542,-80.78348,2002,2002-05-23,0.75
woodstock_ont,43.14542,-80.78348,2002,2002-05-23,0.25
woodstock_ont,43.14542,-80.78348,2003,2003-05-23,0.5
woodstock_ont,43.14542,-80.78348,2004,2004-05-22,0.5
woodstock_ont,43.14542,-80.78348,2005,2005-05-23,0.5
woodstock_ont,43.14542,-80.78348,2005,2005-05-23,0.75
woodstock_ont,43.14542,-80.78348,2005,2005-05-23,0.25
woodstock_ont,43.14542,-80.78348,2006,2006-05-23,0.5
woodstock_ont,43.14542,-80.78348,2006,2006-05-23,0.75
woodstock_ont,43.14542,-80.78348,2006,2006-05-23,0.25
woodstock_ont,43.14542,-80.78348,2007,2007-05-23,0.5
woodstock_ont,43.14542,-80.78348,2007,2007-05-23,0.75
woodstock_ont,43.14542,-80.78348,2007,2007-05-23,0.25
woodstock_ont,43.14542,-80.78348,2008,2008-05-22,0.5
woodstock_ont,43.14542,-80.78348,2008,2008-05-22,0.75
woodstock_ont,43.14542,-80.78348,2008,2008-05-22,0.25
woodstock_ont,43.14542,-80.78348,2009,2009-05-23,0.5
woodstock_ont,43.14542,-80.78348,2009,2009-05-23,0.75
woodstock_ont,43.14542,-80.78348,2009,2009-05-23,0.25
woodstock_ont,43.14542,-80.78348,2010,2010-05-23,0.5
woodstock_ont,43.14542,-80.78348,2010,2010-05-23,0.25
woodstock_ont,43.14542,-80.78348,2010,2010-05-23,0.75
woodstock_ont,43.14542,-80.78348,2011,2011-05-23,0.5
woodstock_ont,43.14542,-80.78348,2011,2011-05-23,0.25
woodstock_ont,43.14542,-80.78348,2011,2011-05-23,0.75
woodstock_ont,43.14542,-80.78348,2012,2012-05-22,0.5
woodstock_ont,43.14542,-80.78348,2012,2012-05-22,0.25
woodstock_ont,43.14542,-80.78348,2012,2012-05-22,0.75
woodstock_ont,43.14542,-80.78348,2013,2013-05-23,0.5
woodstock_ont,43.14542,-80.78348,2013,2013-05-23,0.25
woodstock_ont,43.14542,-80.78348,2013,2013-05-23,0.75
woodstock_ont,43.14542,-80.78348,2014,2014-05-23,0.5
woodstock_ont,43.14542,-80.78348,2014,2014-05-23,0.25
woodstock_ont,43.14542,-80.78348,2014,2014-05-23,0.75
woodstock_ont,43.14542,-80.78348,2015,2015-05-23,0.5
woodstock_ont,43.14542,-80.78348,2015,2015-05-23,0.25
woodstock_ont,43.14542,-80.78348,2015,2015-05-23,0.75
woodstock_ont,43.14542,-80.78348,2015,2015-05-23,1.5
woodstock_ont,43.14542,-80.78348,2015,2015-05-23,1.75
woodstock_ont,43.14542,-80.78348,2015,2015-05-23,1.25
woodstock_ont,43.14542,-80.78348,2016,2016-05-26,0.5
woodstock_ont,43.14542,-80.78348,2016,2016-05-25,0.5
woodstock_ont,43.14542,-80.78348,2016,2016-05-25,0.25
woodstock_ont,43.14542,-80.78348,2016,2016-05-25,0.75
woodstock_ont,43.14542,-80.78348,2016,2016-05-26,1.75
woodstock_ont,43.14542,-80.78348,2016,2016-05-26,1.5
woodstock_ont,43.14542,-80.78348,2016,2016-05-26,1.25
woodstock_ont,43.14542,-80.78348,2017,2017-06-01,0.5
woodstock_ont,43.14542,-80.78348,2017,2017-06-01,0.25
woodstock_ont,43.14542,-80.78348,2017,2017-06-01,0.75
woodstock_ont,43.14542,-80.78348,2017,2017-06-01,1.75
woodstock_ont,43.14542,-80.78348,2017,2017-06-01,1.5
woodstock_ont,43.14542,-80.78348,2017,2017-06-01,1.25
woodstock_ont,43.14542,-80.78348,2019,2019-06-14,1.5
woodstock_ont,43.14542,-80.78348,2019,2019-06-14,1.25
woodstock_ont,43.14542,-80.78348,2019,2019-06-14,0.5
woodstock_ont,43.14542,-80.78348,2019,2019-06-14,0.25
woodstock_ont,43.14542,-80.78348,2019,2019-06-12,1.5
woodstock_ont,43.14542,-80.78348,2019,2019-06-12,1.25
woodstock_ont,43.14542,-80.78348,2020,2020-05-26,1.5
woodstock_ont,43.14542,-80.78348,2020,2020-05-26,1.75
woodstock_ont,43.14542,-80.78348,2020,2020-05-26,0.5
woodstock_ont,43.14542,-80.78348,2020,2020-05-26,0.25
woodstock_ont,43.14542,-80.78348,2020,2020-05-26,0.75
woodstock_ont,43.14542,-80.78348,2021,2021-06-01,1.5
woodstock_ont,43.14542,-80.78348,2021,2021-06-01,1.75
woodstock_ont,43.14542,-80.78348,2022,2022-06-02,1.5
woodstock_ont,43.14542,-80.78348,2022,2022-06-02,1.25
woodstock_ont,43.14542,-80.78348,2023,2023-05-26,1.5
woodstock_ont,43.14542,-80.78348,2023,2023-05-26,1.75
woodstock_ont,43.14542,-80.78348,2024,2024-06-11,1.5
wooster_oh,40.7565,-81.9004,1995,1995-05-26,3.5
wooster_oh,40.7565,-81.9004,1995,1995-05-26,3.75
wooster_oh,40.7565,-81.9004,1995,1995-05-26,3.25
wooster_oh,40.7565,-81.9004,1999,1999-05-26,3.5
wooster_oh,40.7565,-81.9004,1999,1999-05-26,3.25
wooster_oh,40.7565,-81.9004,1999,1999-05-26,3.75
wooster_oh,40.7565,-81.9004,2000,2000-05-25,3.5
wooster_oh,40.7565,-81.9004,2000,2000-05-25,2.5
wooster_oh,40.7565,-81.9004,2000,2000-05-25,2.25
wooster_oh,40.7565,-81.9004,2000,2000-05-25,2.75
wooster_oh,40.7565,-81.9004,2000,2000-05-25,3.25
wooster_oh,40.7565,-81.9004,2000,2000-05-25,3.75
wooster_oh,40.7565,-81.9004,2003,2003-05-26,2.5
wooster_oh,40.7565,-81.9004,2004,2004-05-25,2.5
wooster_oh,40.7565,-81.9004,2004,2004-05-25,3.25
wooster_oh,40.7565,-81.9004,2004,2004-05-25,3.5
wooster_oh,40.7565,-81.9004,2004,2004-05-25,3.75
wooster_oh,40.7565,-81.9004,2004,2004-05-25,2.75
wooster_oh,40.7565,-81.9004,2004,2004-05-25,2.25
wooster_oh,40.7565,-81.9004,2006,2006-05-26,2.5
wooster_oh,40.7565,-81.9004,2006,2006-05-26,2.75
wooster_oh,40.7565,-81.9004,2006,2006-05-26,3.5
wooster_oh,40.7565,-81.9004,2006,2006-05-26,3.25
wooster_oh,40.7565,-81.9004,2006,2006-05-26,3.75
wooster_oh,40.7565,-81.9004,2009,2009-05-25,2.5
wooster_oh,40.7565,-81.9004,2009,2009-05-25,2.25
wooster_oh,40.7565,-81.9004,2009,2009-05-25,2.75
wooster_oh,40.7565,-81.9004,2009,2009-05-25,3.5
wooster_oh,40.7565,-81.9004,2009,2009-05-25,3.25
wooster_oh,40.7565,-81.9004,2009,2009-05-25,3.75
wooster_oh,40.7565,-81.9004,2010,2010-05-25,2.5
wooster_oh,40.7565,-81.9004,2010,2010-05-25,2.25
wooster_oh,40.7565,-81.9004,2010,2010-05-25,2.75
wooster_oh,40.7565,-81.9004,2010,2010-05-25,3.5
wooster_oh,40.7565,-81.9004,2010,2010-05-25,3.25
wooster_oh,40.7565,-81.9004,2010,2010-05-25,3.75
wooster_oh,40.7565,-81.9004,2014,2014-05-25,2.5
wooster_oh,40.7565,-81.9004,2014,2014-05-25,2.25
wooster_oh,40.7565,-81.9004,2014,2014-05-25,2.75
wooster_oh,40.7565,-81.9004,2015,2015-05-25,2.5
wooster_oh,40.7565,-81.9004,2015,2015-05-25,2.25
wooster_oh,40.7565,-81.9004,2015,2015-05-25,2.75
wooster_oh,40.7565,-81.9004,2017,2017-05-25,2.5
wooster_oh,40.7565,-81.9004,2017,2017-05-24,2.5
wooster_oh,40.7565,-81.9004,2017,2017-05-25,2.25
wooster_oh,40.7565,-81.9004,2017,2017-05-25,2.75
wooster_oh,40.7565,-81.9004,2019,2019-05-22,3.5
wooster_oh,40.7565,-81.9004,2019,2019-05-22,3.75
wooster_oh,40.7565,-81.9004,2019,2019-05-22,3.25
wooster_oh,40.7565,-81.9004,2019,2019-05-22,2.5
wooster_oh,40.7565,-81.9004,2019,2019-05-22,2.25
wooster_oh,40.7565,-81.9004,2019,2019-05-22,2.75
wooster_oh,40.7565,-81.9004,2020,2020-05-24,3.5
wooster_oh,40.7565,-81.9004,2020,2020-05-24,2.5
wooster_oh,40.7565,-81.9004,2020,2020-05-24,2.75
wooster_oh,40.7565,-81.9004,2021,2021-05-22,3.25
wooster_oh,40.7565,-81.9004,2021,2021-05-22,3.75
wooster_oh,40.7565,-81.9004,2021,2021-05-22,3.5
wooster_oh,40.7565,-81.9004,2021,2021-05-22,2.25
wooster_oh,40.7565,-81.9004,2021,2021-05-22,2.5
wooster_oh,40.7565,-81.9004,2021,2021-05-22,2.75
wooster_oh,40.7565,-81.9004,2022,2022-05-25,3.5
wooster_oh,40.7565,-81.9004,2022,2022-05-25,3.25
wooster_oh,40.7565,-81.9004,2022,2022-05-25,3.75
wooster_oh,40.7565,-81.9004,2022,2022-05-24,2.5
wooster_oh,40.7565,-81.9004,2022,2022-05-24,2.25
wymore_ne,40.1222,-96.6625,2013,2013-05-26,3.5
wymore_ne,40.1222,-96.6625,2013,2013-05-26,3.25
wymore_ne,40.1222,-96.6625,2013,2013-05-26,3.75
wymore_ne,40.1222,-96.6625,2016,2016-06-04,3.5
wymore_ne,40.1222,-96.6625,2016,2016-06-04,3.75
wymore_ne,40.1222,-96.6625,2016,2016-06-04,3.25
york_ne,40.8708,-97.5947,1996,1996-05-25,3.5
